movieId,director
53140,Peter Winther
53143,Hal Hartley
53161,Park Chan-wook
53280,Nicholas Mastandrea
53318,Sean Ellis
53322,Steven Soderbergh
53326,David Moreau
53355,Leander Haußmann
53435,Eli Roth
53447,Gus Van Sant
53450,Henning Schellerup
53453,Luigi Cozzi
53460,Ash Brannon
53464,Flint Dille
53466,Andrew Fleming
53468,Andrew Currie
53519,Quentin Tarantino
53550,Werner Herzog
53574,Jake Kasdan
53578,"June 30, 2022 (United Kingdom)"
53808,Steve Rash
53883,Gilles Kepel
53894,Michael Moore
53921,Michael Winterbottom
53953,Mikael Håfström
53956,Frank Oz
53972,Len Wiseman
53974,Ken Kwapis
53993,Tom Shadyac
53996,Michael Bay
54001,David Yates
54004,Dennis Dugan
54116,Mark Fergus
54121,Delmer Daves
54185,Jennifer Baichwal
54190,Julie Taymor
54256,Akiva Schaffer
54259,Matthew Vaughn
54272,David Silverman
54274,Chris Sivertson
54276,Scott Hicks
54281,Jon Poll
54286,Paul Greengrass
54354,Micha X. Peled
54372,Guillaume Canet
54503,Greg Mottola
54617,James Huth
54648,Brett Ratner
54686,Doug Lefler
54732,Robert Ben Garant
54734,Joe Nussbaum
54736,Peter Berg
54745,Jeffrey Blitz
54768,Fred Savage
54771,Oliver Hirschbiegel
54780,Shari Springer Berman
54785,Rob Zombie
54787,James Wan
54796,Julie Delpy
54881,Seth Gordon
54908,Gérard Krawczyk
54910,Scott Glosserman
54934,Bob Odenkirk
54962,John August
54995,Robert Rodriguez
54997,James Mangold
54999,Michael Davis
55020,David Wain
55036,Robert Harmon
55052,Joe Wright
55061,Thomas Bangalter
55067,Hans-Christian Schmid
55069,Cristian Mungiu
55071,Charles Ferguson
55080,Neil Jordan
55094,Paul Haggis
55110,Rod Hardy
55112,Kern Konwiser
55116,Richard Shepard
55118,David Cronenberg
55156,Henriette Mantel
55167,Michael Arias
55190,Alek Keshishian
55205,Steve Buscemi
55207,Sean Ellis
55232,Russell Mulcahy
55241,Craig Gillespie
55245,Mark Helfrich
55247,Sean Penn
55250,Andy Fickman
55253,Ang Lee
55259,David L. Cunningham
55261,Bobby Farrelly
55267,Peter Hedges
55269,Wes Anderson
55272,James Gray
55274,Shekhar Kapur
55276,Tony Gilroy
55278,Kenneth Branagh
55280,Craig Gillespie
55282,David Slade
55290,Ben Affleck
55292,Tom Brady
55294,Allan Moyle
55363,Andrew Dominik
55391,Kimberly Williams-Paisley
55442,Vincent Paronnaud
55444,Anton Corbijn
55451,Robin Swicord
55492,Larry Fessenden
55553,Jonathan King
55555,Fatih Akin
55577,Darren Lynn Bousman
55620,Daniel G. Karslake
55687,Amir Bar-Lev
55721,José Padilha
55729,M. Cahill
55765,Ridley Scott
55768,Simon J. Smith
55805,Sidney Lumet
55814,Not available
55820,Ethan Coen
55830,Michel Gondry
55844,Jamie Babbit
55854,John Ford
55872,Kirsten Sheridan
55908,Richard Schenkman
55946,Robert Redford
55995,Robert Zemeckis
56003,Richard Kelly
56012,J.M. Kenny
56022,Bruce Pittman
56060,Not available
56145,Frank Darabont
56152,Kevin Lima
56156,Xavier Gens
56169,Joby Harold
56171,Chris Weitz
56174,Francis Lawrence
56176,Tim Hill
56251,Dwayne Carey-Hill
56274,Noah Baumbach
56286,Todd Haynes
56333,Tamara Jenkins
56336,Joe Lynch
56339,"March 16, 2023 (United Kingdom)"
56367,Jason Reitman
56379,James D. Scurlock
56389,Kar-Wai Wong
56563,Gary Hustwit
56587,Rob Reiner
56607,Marc Forster
56620,Dario Piana
56715,Goran Dukic
56757,Tim Burton
56775,Jon Turteltaub
56782,Paul Thomas Anderson
56788,Mike Nichols
56801,Colin Strause
56805,Jake Kasdan
56837,Kenneth Branagh
56869,Heitor Dhalia
56908,Justin Theroux
56915,Antonia King
56921,Félix Enríquez Alcalá
56941,Richard LaGravenese
56949,Anne Fletcher
57147,Woody Allen
57183,Not available
57243,Eran Kolirin
57274,Jaume Balagueró
57326,Uwe Boll
57368,Matt Reeves
57421,Adam Green
57499,Shane Kartz
57502,Tatsuo Satô
57504,Not available
57522,David E. Talbert
57526,Gregory Hoblit
57528,Sylvester Stallone
57532,Jason Friedberg
57536,Fred Wolf
57637,David Bruckner
57640,Guillermo del Toro
57669,Martin McDonagh
57772,"December 1, 2023 (United Kingdom)"
57843,Julian Gilbey
57910,Mitchell Lichtenstein
57951,Andy Tennant
58025,Doug Liman
58047,Adam Brooks
58078,Jieho Lee
58105,Mark Waters
58107,Jon M. Chu
58154,Justin Chadwick
58156,Kent Alterman
58162,David Schwimmer
58191,Alex Gibney
58287,Talia Lugacy
58291,Roger Kumble
58293,Roland Emmerich
58295,Roger Donaldson
58297,Neil Marshall
58299,Jimmy Hayward
58301,Michael Haneke
58303,"September 9, 2021 (United Kingdom)"
58306,Sergei Bodrov
58309,Sean Fine
58315,Marco Schnabel
58332,George A. Romero
58347,Mark Palansky
58351,Paulo Morelli
58376,Peter Joseph
58404,Dave Bullock
58425,Dean DeBlois
58492,David Gordon Green
58554,Ilmar Raag
58559,Christopher Nolan
58627,Jeff Wadlow
58655,Steven Brill
58783,Francis Ford Coppola
58803,Robert Luketic
58806,Noam Murro
58826,Isaac Florentine
58839,George Clooney
58842,Xiaogang Feng
58870,Takashi Miike
58876,Kimberly Peirce
58879,Martin Scorsese
58964,"October 7, 2021 (United Kingdom)"
58972,Jennifer Flackett
58975,Carter Smith
58998,Nicholas Stoller
59014,Craig Mazin
59016,David Ayer
59018,Tom McCarthy
59022,Contact info
59026,Jan Kounen
59037,Lana Wachowski
59103,Rob Minkoff
59118,Mike Leigh
59126,Larry Charles
59129,Steve Barker
59131,Andy Hurst
59141,Garth Jennings
59143,Michael Blieden
59220,John Jeffcoat
59258,Michael McCullers
59295,Nathan Frankowski
59306,Nelson McCormick
59315,Jon Favreau
59333,Paul Weiland
59336,David Mamet
59369,Pierre Morel
59387,Tarsem Singh
59421,Tom Vaughan
59429,Andrew Waller
59440,Alejandro Monteverde
59501,Andrew Adamson
59549,Jonah Markowitz
59604,Gregory Wilson
59615,Steven Spielberg
59667,Pratibha Parmar
59725,Michael Patrick King
59727,Bryan Bertino
59731,Chris Bell
59738,Jonathan Levine
59784,Mark Osborne
59810,Jay Roach
59814,Koen Mortier
59900,Dennis Dugan
59915,Stuart Gordon
59947,James Glickenhaus
59985,Marcos Siega
59995,John Crowley
60030,Adam Green
60037,M. Night Shyamalan
60040,Louis Leterrier
60046,Roger Spottiswoode
60069,Andrew Stanton
60072,Timur Bekmambetov
60074,Peter Berg
60126,Peter Segal
60128,Martin Gero
60141,Oliver Parker
60161,Peter Avanzino
60289,Patricia Rozema
60291,Alex Gibney
60293,Jonathan Levine
60303,Sion Sono
60333,Zal Batmanglij
60363,Jay Lee
60365,Jules Bass
60389,Nick Broomfield
60397,Phyllida Lloyd
60408,Dany Boon
60471,Greg McLean
60487,Bill Melendez
60514,Eric Brevig
60516,Brian Robbins
60522,Noboru Iguchi
60538,Paddy Breathnach
60647,Brad Anderson
60674,Martin Wood
60684,Zack Snyder
60735,Jeff Nichols
60737,Paul Soter
60753,Ric Roman Waugh
60756,Adam McKay
60760,Chris Carter
60766,James Marsh
60803,Jules Bass
60818,Paula Nightingale
60832,Marc Schölermann
60857,Bruce McDonald
60885,Simon Kinberg
60894,John Maybury
60904,Vladimir Bortko
60937,Rob Cohen
60941,Ryûhei Kitamura
60943,Courtney Hunt
60950,Woody Allen
60979,Yasuhiro Aoki
61011,Paul Schrader
61024,David Gordon Green
61026,John Woo
61071,Sanaa Hamri
61073,Larry Bishop
61123,Kenny Ortega
61132,Ben Stiller
61160,George Lucas
61167,Mark Pellington
61210,Simon Hunter
61236,Ari Folman
61240,"November 17, 2022 (United Kingdom)"
61246,Andrew Fleming
61248,Paul W.S. Anderson
61250,Fred Wolf
61255,Peter Cattaneo
61257,Patrick Creadon
61262,Alexandre Aja
61289,Takashi Miike
61319,Shane Meadows
61323,Ethan Coen
61348,Jason Friedberg
61350,Mathieu Kassovitz
61352,Jeffrey Nachmanoff
61394,Tom Kuntz
61401,Frank Miller
61406,Paul Giamatti
61465,Danny Pang
61628,Yang Zhang
61692,Eduardo Sánchez
61705,Neil LaBute
61729,David Koepp
61818,Lance Mungia
61986,Ed Harris
62008,Frank Sudol
62081,D.J. Caruso
62113,Robert B. Weide
62155,Peter Sollett
62208,Not available
62250,Matteo Garrone
62293,Saul Dibb
62299,Michael Roesch
62336,Kazuya Tsurumaki
62344,Jonathan Demme
62374,Ridley Scott
62376,Gil Kenan
62383,Stuart Paton
62394,John Moore
62434,Kevin Smith
62437,Oliver Stone
62439,Howard Deutch
62511,Charlie Kaufman
62553,Gina Prince-Bythewood
62586,David Zucker
62644,Roar Uthaug
62662,Wim Wenders
62718,Gurinder Chadha
62792,Gavin O'Connor
62799,Gary Fleder
62834,Michael Vejar
62836,J. Michael Straczynski
62849,Guy Ritchie
62956,Dwayne Carey-Hill
62970,Zooey Deschanel
62999,Eric Darnell
63033,Fernando Meirelles
63062,Clint Eastwood
63072,John Hillcoat
63082,Danny Boyle
63113,Marc Forster
63131,David Wain
63179,Leos Carax
63222,Mabrouk El Mechri
63239,Robert Iscove
63276,Takashi Miike
63312,Marco Kreuzpaintner
63393,Matthew Diamond
63433,Ben Browder
63436,David Hackl
63479,Sean Anders
63515,Pavel Lungin
63540,Raja Gosnell
63768,Not available
63808,Laurent Cantet
63826,Toby Wilkins
63853,Baz Luhrmann
63859,Byron Howard
63876,Gus Van Sant
63992,Catherine Hardwicke
64010,Tom Shankland
64030,Olivier Megaton
64032,Seth Gordon
64034,Mark Herman
64114,Alex Kendrick
64116,Tony Leondis
64167,David Thewlis
64197,Steve McQueen
64231,Lexi Alexander
64249,Gary Trousdale
64278,Sophie Fiennes
64497,Scott Derrickson
64499,Steven Soderbergh
64501,Steven Soderbergh
64575,John Patrick Shanley
64614,Clint Eastwood
64620,Ron Howard
64622,Stephen Daldry
64695,Masahiro Andô
64716,Gabriele Muccino
64839,Darren Aronofsky
64957,David Fincher
64969,Peyton Reed
64983,Bryan Singer
64993,Makoto Shinkai
64997,Steven Spielberg
65037,Nic Balthazar
65088,Adam Shankman
65126,Clark Gregg
65130,Sam Mendes
65133,Paul Weiland
65135,Richard Boden
65188,Kurt Kuenne
65193,Nick Moore
65216,Edward Zwick
65225,Peter Joseph
65230,Contact info
65261,Hayao Miyazaki
65350,Lewis Milestone
65359,Shawn Ashmore
65514,Wilson Yip
65577,Sam Fell
65585,Gary Winick
65588,Matt Vancil
65596,Jean-François Richet
65601,Patrick Lussier
65631,Stuart Townsend
65642,Nacho Vigalondo
65651,Ralph Bakshi
65682,Patrick Tatopoulos
65685,Iain Softley
65738,Roland Mesa
65740,Steve Zacharias
65802,Steve Carr
65810,George Tillman Jr.
65882,Charles Guard
65982,Howard McCain
66090,James Watkins
66097,Henry Selick
66171,Paul McGuigan
66198,Tom Tykwer
66203,Ken Kwapis
66240,Stephen Herek
66297,Peter Avanzino
66310,Xavier Gens
66320,Leila Conners
66335,Fuminori Kizaki
66371,Not available
66427,Bruce Campbell
66509,Judd Apatow
66511,Hannes Stöhr
66544,Alec Baldwin
66665,Sam Mendes
66744,Paolo Sorrentino
66783,Marcus Nispel
66785,Kim Jee-woon
66798,Harald Zwart
66915,Don Bluth
66934,Neil Patrick Harris
66943,Paul Andrew Williams
67087,John Hamburg
67168,Gregg Bishop
67186,Peter Cornwell
67193,Tony Gilroy
67197,Alex Proyas
67255,Not available
67267,Christine Jeffs
67295,Raman Hui
67361,Greg Marcks
67408,Rob Letterman
67508,Uli Edel
67534,Rob Schneider
67618,Joel Viertel
67665,Sacha Gervasi
67695,Jody Hill
67734,Greg Mottola
67788,P.J. Hogan
67799,Seth Grossman
67888,Clyde Bruckman
67923,Contact info
67997,Armando Iannucci
68073,Richard Curtis
68135,Burr Steers
68157,Quentin Tarantino
68159,Kevin Macdonald
68194,Tom Hooper
68205,Mark Neveldine
68237,Duncan Jones
68269,Jean-Marc Vallée
68319,Gavin Hood
68347,Cary Joji Fukunaga
68358,J.J. Abrams
68444,Sean McGinly
68480,Steno
68486,Not available
68522,Richard Schenkman
68536,Jan Harlan
68554,Contact info
68597,Michael Winner
68600,Danny Leiner
68650,Timothy Linh Bui
68659,Kyle Newman
68791,McG
68793,Shawn Levy
68835,Tom Gustafson
68848,Rian Johnson
68872,Roberto Rossellini
68886,Éric Lartigau
68932,Joe Wright
68945,Vladislav Krivenchuk
68952,Sam Raimi
68954,Pete Docter
68959,Not available
69069,Will Gluck
69118,Bertrand Tavernier
69122,Todd Phillips
69131,John Madden
69134,Lars von Trier
69140,David Moore
69211,Stephen Bradley
69224,Robert Guédiguian
69227,Rob Boor
69251,Hal Haberman
69275,Tommy Wirkola
69278,Brad Silberling
69304,Karey Kirkpatrick
69306,June 2009 (United States)
69394,Cyrus Nowrasteh
69406,Anne Fletcher
69436,Harold Ramis
69453,Kevin Connor
69469,Mark A.Z. Dippé
69481,Kathryn Bigelow
69495,Laurie Lynd
69516,Jim Jarmusch
69524,Eric Zala
69526,Michael Bay
69529,Yann Arthus-Bertrand
69604,Woody Allen
69606,Mark Waters
69640,Michael Mann
69644,Carlos Saldanha
69654,Kevin Hooks
69685,Karen Disher
69712,Nick Cassavetes
69720,Stacy Title
69746,Daniel DelPurgatorio
69757,Marc Webb
69784,Larry Charles
69805,Jonathan Frakes
69844,David Yates
69849,LeVar Burton
69860,Robert Young
69904,Hans Horn
69951,Terry Gilliam
69953,Jens Hoffmann
69988,Lynn Shelton
70015,Denis Villeneuve
70159,Jaume Collet-Serra
70183,Robert Luketic
70206,Marcus Dunstan
70208,David Twohy
70286,Neill Blomkamp
70293,Contact info
70301,Steve Shill
70305,Andy Fickman
70334,Peter Chelsom
70336,Stephen Sommers
70361,Renny Harlin
70451,Joachim Rønning
70492,Mack V. Wright
70521,Jemima Rooper
70533,Not available
70545,Steven Schachter
70565,Neal Brennan
70599,Robert Schwentke
70637,Shamim Sarif
70641,Zach Cregger
70663,Chris Columbus
70687,Nicholas Jasenovec
70703,John Glen
70708,Francis Ford Coppola
70728,Jared Hess
70862,Davis Guggenheim
70932,Donald Petrie
70946,Claudio Fragasso
70984,Ang Lee
70990,Cher
70994,Rob Zombie
71033,Juan José Campanella
71057,Shane Acker
71106,Gareth Carrivick
71108,Michael Haneke
71129,Lauren Montgomery
71131,Geoffrey O'Connor
71135,Christian Alvart
71147,Juan Antonio Bardem
71156,Grant Heslov
71160,Chris Bouchard
71205,Karyn Kusama
71211,Steven Soderbergh
71252,David R. Ellis
71254,Mark Neveldine
71264,Phil Lord
71268,Tyler Perry
71282,Robert Kenner
71302,Nathan Juran
71304,Not available
71327,Jane Campion
71341,Joel Schumacher
71379,Oren Peli
71429,Bobcat Goldthwait
71438,Not available
71453,Georges Franju
71462,Louie Psihoyos
71464,Ethan Coen
71466,Raymond De Felitta
71468,Jamin Winans
71484,Tarik Saleh
71494,Rob Zombie
71500,Michael Dougherty
71518,Drew Barrymore
71520,Ricky Gervais
71530,Jonathan Mostow
71535,Ruben Fleischer
71550,Brett Simon
71579,Lone Scherfig
71619,Anne Fontaine
71640,Anders Østergaard
71668,Peter Billingsley
71732,Glenn McQuaid
71745,Spike Jonze
71810,Peter MacDonald
71823,Fatih Akin
71838,F. Gary Gray
71867,Felix van Groeningen
71902,David Mackenzie
71910,Scott Mann
71970,David Butler
71999,Yakov Protazanov
72011,Jason Reitman
72104,Christoph Lauenstein
72129,Kevin Greutert
72142,Sion Sono
72165,Paul Weitz
72167,Troy Duffy
72171,Scott Sanders
72178,Kwang-Hyun Park
72224,Jared Hess
72226,Wes Anderson
72294,Robert Zemeckis
72308,Edward James Olmos
72330,Rebecca Miller
72356,Peter Sohn
72378,Andy Godden
72395,Lee Daniels
72405,Werner Herzog
72407,Chris Weitz
72424,Bob Misiorowski
72479,Oren Moverman
72489,James McTeigue
72554,Daniel Monzón
72591,Dean Semler
72601,Roy Burdine
72603,David Soren
72605,Jim Sheridan
72624,Lenny Abrahamson
72641,John Lee Hancock
72692,Jun Falkenstein
72694,Jonas Pate
72696,Walt Becker
72701,Jorge Blanco
72714,Shaun Monson
72720,Tom Ford
72731,Peter Jackson
72733,Clint Eastwood
72737,Ron Clements
72874,Frédéric Forestier
72919,Marc Lawrence
72921,J. Searle Dawley
72982,Caterina Scorsone
72998,James Cameron
73015,Nancy Meyers
73017,Guy Ritchie
73023,Scott Cooper
73042,Betty Thomas
73106,John Putch
73160,David DeCoteau
73211,Bruce McDonald
73266,Miguel Arteta
73268,Toby Barron
73290,Lasse Hallström
73321,Albert Hughes
73323,Daniel Alfredson
73344,Jacques Audiard
73386,James DeMonaco
73431,Peter Hewitt
73488,Chris Nahon
73499,Michael Vejar
73501,Armand Lohikoski
73515,Brian Hecker
73569,Not available
73676,Not available
73681,Radu Mihaileanu
73741,James McTeigue
73804,Frédéric Forestier
73808,Jeroen Bijl
73822,Mike Leigh
73854,Larry Roemer
73858,Ron Oliver
73876,Isaac Florentine
73881,Rajkumar Hirani
73929,Scott Stewart
74075,Bo Zenga
74089,Vincent J. Donehue
74095,"September 29, 2022 (United Kingdom)"
74154,Mark Steven Johnson
74226,Not available
74228,Christopher Smith
74275,Glenn Ficarra
74282,Megan Follows
74324,Mick Jackson
74342,David Miller
74370,Ti West
74450,Garry Marshall
74452,Joe Johnston
74458,Martin Scorsese
74508,Adrian Shergold
74510,Not available
74530,Rick Riordan
74532,Kevin Smith
74545,Roman Polanski
74553,Tomm Moore
74580,Brian Levant
74624,Alejandro Amenábar
74647,Katherine Dieckmann
74668,Patrick Alessandrin
74677,Andy Bichlbaum
74683,Steve Barron
74685,Breck Eisner
74688,Lasse Hallström
74696,Lixin Fan
74698,Michael Lembeck
74727,Not available
74750,Jaume Balagueró
74754,Tommy Wiseau
74789,Tim Burton
74791,Not available
74795,Paul Greengrass
74851,Pierre Morel
74868,Oliver Parker
74916,Noah Baumbach
74946,Jim Field Smith
74948,Daniel Barber
75341,Allen Coulter
75389,J.T. Petty
75395,Adam Green
75416,Jack Sholder
75446,Paul Morrison
75803,Rick Famuyiwa
75805,Andy Tennant
75813,Tim Blake Nelson
75816,Sebastian Gutierrez
75947,Paolo Cavara
75985,Miguel Sapochnik
76030,Christian Alvart
76054,Jensen Noen
76060,Kevin Heffernan
76077,Steve Pink
76091,Daryl Goldberg
76093,Dean DeBlois
76143,Wolfgang Murnberger
76173,Jean-Pierre Jeunet
76175,Louis Leterrier
76251,Matthew Vaughn
76293,Shawn Levy
76301,Mark Dindal
76738,Joonas Berghäll
76743,Javier Fesser
76751,Kevin Booth
76763,Floria Sigismondi
77177,Bernard Hill
77191,Neil LaBute
77201,Nicolas Winding Refn
77206,Thor Freudenthal
77233,Brett Harvey
77266,Steve Jacobs
77364,Sylvain White
77414,Julie Anne Robinson
77421,Jay Duplass
77427,Tom Six
77455,Banksy
77561,Jon Favreau
77667,Jorma Taccone
77688,Coline Serreau
77709,Mamoru Oshii
77795,Ivan Engler
77798,Samuel Bayer
77800,Christopher Morris
77841,Oliver Parker
77846,Sidney Lumet
77866,Ridley Scott
77881,Contact info
77893,Gareth Evans
77931,Cory McAbee
78034,Ricky Gervais
78039,Derek Cianfrance
78041,Robert Luketic
78088,Rodrigo Cortés
78103,Jennifer Capraru
78105,Mike Newell
78116,Nicole Holofcener
78142,Giuseppe Tornatore
78160,Dominic Brigstocke
78174,Michael Patrick King
78209,Nicholas Stoller
78218,Gregor Jordan
78264,Alan Poul
78266,Vincenzo Natali
78316,Gary Winick
78349,Stuart Hazeldine
78469,Joe Carnahan
78499,Lee Unkrich
78544,Dominic Brigstocke
78574,Debra Granik
78620,Sydney Pollack
78626,Bong Joon Ho
78637,Mike Mitchell
78703,Jac Schaeffer
78746,Michael Paul Stephenson
78772,David Slade
78836,Gaspar Noé
78893,M. Night Shyamalan
78959,Pete Travis
79006,Edith Becker
79008,Trey Parker
79057,Nimród Antal
79073,Tom DiCillo
79091,Pierre Coffin
79132,Christopher Nolan
79134,Dennis Dugan
79139,Jon Turteltaub
79224,Harald Zwart
79242,Lisa Cholodenko
79251,Srdjan Spasojevic
79259,Lisa Barros D'Sa
79274,Brandon Vietti
79293,Phillip Noyce
79299,Jill Scott
79333,Eldar Ryazanov
79357,Jaco Van Dormael
79428,Jay Roach
79501,Not available
79536,Not available
79553,Wilson Yip
79572,Elizabeth Allen Rosenbaum
79590,Bart Freundlich
79592,Adam McKay
79677,Jeff Zimbalist
79684,Kieran Mulroney
79695,Sylvester Stallone
79702,Edgar Wright
79798,Not available
79868,Philip Ridley
79879,Alexandre Aja
79895,Luc Besson
79897,Aaron Schneider
79946,Derrick Borte
80083,Daisuke Nishio
80094,Daniel Stamm
80124,Not available
80126,Anton Corbijn
80139,Jeff Tremaine
80162,Yannick Dahan
80166,Josh Gordon
80219,Ethan Maniquis
80241,Nanette Burstein
80363,Paul W.S. Anderson
80454,Bertrand Tavernier
80463,David Fincher
80478,Shôhei Imamura
80489,Ben Affleck
80549,Will Gluck
80551,Ryan Murphy
80553,Rob Epstein
80572,Casey Affleck
80584,Ella Lemhagen
80586,Rob Reiner
80590,Oliver Stone
80615,Zack Snyder
80693,Anna Boden
80727,George Gallo
80748,Tim Burton
80831,Matt Reeves
80834,Colin Levy
80839,Randall Wallace
80846,John Erick Dowdle
80858,Andy Fickman
80860,Greg Berlanti
80862,Henry Joost
80864,Woody Allen
80880,John Curran
80906,Charles Ferguson
80917,Gareth Edwards
80969,Mark Romanek
81018,Sylvain Chomet
81087,Zoya Akhtar
81132,Quentin Dupieux
81156,Jeff Tremaine
81158,Tim Hetherington
81191,Davis Guggenheim
81229,Robert Schwentke
81257,Susanne Bier
81383,Not available
81417,Tod Williams
81456,Xavier Dolan
81512,Clint Eastwood
81520,Isaac Florentine
81535,Kevin Greutert
81562,Danny Boyle
81564,Tom McGrath
81591,Darren Aronofsky
81681,Samuel Fuller
81782,Tony Scott
81784,Roger Michell
81786,"September 20, 2022 (United Kingdom)"
81788,Paul Haggis
81791,Sofia Coppola
81819,Alejandro G. Iñárritu
81831,Not available
81834,David Yates
81845,Tom Hooper
81847,Nathan Greno
81910,Don Argott
81932,David O. Russell
81949,Galt Niederhoffer
82041,Sean Byrne
82053,George Hickenlooper
82088,Ralf Huettner
82093,William Monahan
82095,Colin Strause
82152,Daniel Barnz
82167,Edward Zwick
82169,Michael Apted
82202,Florian Henckel von Donnersmarck
82242,Jalmari Helander
82366,Adam Green
82378,Andrew Jarecki
82459,Ethan Coen
82461,Joseph Kosinski
82499,James L. Brooks
82527,Richard J. Lewis
82534,John Wells
82641,Cheh Chang
82667,Kim Jee-woon
82684,Harmony Korine
82744,George Tillman Jr.
82765,Not available
82767,John Cameron Mitchell
82852,Paul Weitz
82854,Rob Letterman
82857,Ilisa Barbash
83086,Steve Antin
83132,Not available
83134,Contact info
83177,Eric Brevig
83270,Nigel Cole
83349,Michel Gondry
83369,Peter Weir
83374,Sngmoo Lee
83480,Dominic Sena
83601,Hélène Cattet
83613,Jon Favreau
83796,Fred Cavayé
83803,Contact info
83827,Jeff Malmberg
83910,Ron Howard
83969,Irving Cummings
83976,Steve Coogan
84152,Neil Burger
84156,Werner Herzog
84187,Not available
84189,Steven R. Monroe
84240,Icíar Bollaín
84246,Roy Del Ruth
84273,Peter Joseph
84374,Ivan Reitman
84392,Ted Humphrey
84414,Sam Liu
84512,George Cukor
84523,Kazuki Nakashima
84553,Armand Lohikoski
84601,Jaume Collet-Serra
84615,Miguel Arteta
84637,Kelly Asbury
84696,John Landis
84716,Lee Hae-jun
84772,Greg Mottola
84799,"October 27, 2023 (United Kingdom)"
84844,Aleksey Balabanov
84847,Romola Garai
84942,Patrick Lussier
84944,Gore Verbinski
84950,Michael Dowse
84952,Nobuhiro Yamashita
84954,George Nolfi
85020,Simon West
85022,Bobby Farrelly
85025,Kevin Macdonald
85056,D.J. Caruso
85131,Jonathan Liebesman
85179,Josh L Cain
85213,Tommy Lee Jones
85259,Wolfgang Reitherman
85261,Simon Wells
85295,Brian Levant
85316,John Lounsbery
85334,Andy Sidaris
85342,José Padilha
85354,Jean-François Richet
85367,Dennis Dugan
85394,Werner Herzog
85397,Catherine Hardwicke
85399,John Whitesell
85401,James Gunn
85412,André Øvredal
85414,Duncan Jones
85438,Cary Joji Fukunaga
85510,Zack Snyder
85565,Phil Traill
85736,Angus MacLane
85774,Asif Kapadia
85780,Peter Shin
85788,James Wan
85796,Jason Eisener
85881,Tom McCarthy
85885,Julio Medem
86000,Taika Waititi
86014,David Bowers
86028,Malcolm Venville
86059,Tim Hill
86066,Kirill Serebrennikov
86068,Not available
86142,Takashi Miike
86190,Joe Wright
86237,James Burke
86279,Michael Madsen
86286,Greg Ford
86290,Matt Harlock
86293,Jason Winer
86295,Wes Craven
86298,Carlos Saldanha
86320,Lars von Trier
86332,Kenneth Branagh
86345,Louis C.K.
86347,Louis C.K.
86355,Paul Johansson
86377,Steven J. Santos
86487,Kate Winslet
86504,Michael Mayhew
86548,Francis Lawrence
86593,Chris Stuckmann
86628,Jonathan Hensleigh
86644,Justin Lin
86668,Emma Cooper
86721,Bill Plympton
86781,Denis Villeneuve
86815,Sean McNamara
86817,Luke Greenfield
86833,Paul Feig
86835,Scott Stewart
86864,John H. Shelton
86880,Rob Marshall
86882,Woody Allen
86892,Lee Jeong-beom
86898,Terrence Malick
86911,Todd Phillips
86922,Dany Boon
86960,Alex Merkin
87028,Christian E. Christiansen
87192,Joe Cornish
87194,Emilio Estevez
87197,Wen Jiang
87222,Jennifer Yuh Nelson
87232,Matthew Vaughn
87234,Richard Ayoade
87287,Elijah Drenner
87298,Dan Rush
87304,Mike Mills
87306,J.J. Abrams
87413,Albert Dupontel
87430,Martin Campbell
87444,Sebastian Gutierrez
87483,Mark Waters
87485,Jake Kasdan
87520,Michael Bay
87522,Tom Hanks
87529,David Gordon Green
87660,Curtis Hanson
87785,John Luessenhop
87834,Not available
87867,Frank Coraci
87869,Seth Gordon
87876,John Lasseter
87960,Vanessa Gould
88069,Abhinay Deo
88094,Danny O'Connor
88108,Thomas Bezucha
88125,David Yates
88129,Nicolas Winding Refn
88140,Joe Johnston
88163,Glenn Ficarra
88235,John Michael McDonagh
88267,Stephen J. Anderson
88272,Lucky McKee
88327,Not available
88345,Pete Docter
88356,Raja Gosnell
88405,Will Gluck
88448,Emilio Aragón
88515,Elliott Lester
88593,Not available
88672,Jesse Peretz
88697,Bob Balaban
88699,Roel Reiné
88744,Rupert Wyatt
88746,Azazel Jacobs
88785,David Dobkin
88810,Tate Taylor
88812,Ruben Fleischer
88911,Not available
88932,Steven Quale
88954,Todd Strauss-Schulson
89028,Troy Nixey
89030,Craig Gillespie
89039,Mike Cahill
89047,Spencer Susser
89072,Jim Mickle
89085,Tom Heinemann
89087,Olivier Megaton
89090,Richard Press
89118,Miroslav Sedlacek
89190,Marcus Nispel
89208,Gilles Paquet-Brenner
89281,James Nguyen
89305,Ben Palmer
89343,Kevin Smith
89386,"November 4, 2021 (United Kingdom)"
89388,Douglas McGrath
89427,David R. Ellis
89470,Steven Soderbergh
89492,Bennett Miller
89580,Peter Mullan
89582,Sion Sono
89586,Robert Hughes
89678,Jon Jones
89745,Joss Whedon
89753,Tomas Alfredson
89759,Asghar Farhadi
89761,David Cronenberg
89774,Gavin O'Connor
89804,George Clooney
89837,Ben Wheatley
89840,Gary McKendry
89862,Evan Glodell
89864,Jonathan Levine
89898,Victor Ginzburg
89904,Michel Hazanavicius
89939,Jacqueline Audry
89945,Ruairi Robinson
90057,Jeff Nichols
90243,Hideo Gosha
90245,Hiroshi Teshigahara
90249,Shawn Levy
90343,Craig Brewer
90345,Matthijs van Heijningen Jr.
90353,Shawn Ku
90357,Paddy Considine
90374,Sean Durkin
90376,Lynne Ramsay
90384,James Dodson
90403,Paul W.S. Anderson
90428,Kenneth Lonergan
90430,Roman Polanski
90439,J.C. Chandor
90469,Henry Joost
90471,Adam Kassen
90522,Oliver Parker
90524,John Singleton
90528,Paolo Sorrentino
90531,Steve McQueen
90576,Mark Mylod
90600,Not available
90603,Sam Liu
90630,Jennifer Siebel Newsom
90647,Chris Miller
90717,Brett Ratner
90719,Clint Eastwood
90738,Lee Tamahori
90746,Steven Spielberg
90769,Chris Atkins
90809,Céline Sciamma
90863,Martin Scorsese
90866,Martin Scorsese
90888,Tarsem Singh
90890,Dennis Dugan
90943,Werner Herzog
90945,Peter Hammond
91077,Alexander Payne
91079,Drake Doremus
91094,James Bobin
91104,Bill Condon
91126,Steven Spielberg
91128,Bruce Robinson
91233,Gary Rydstrom
91261,Not available
91266,Damon Santostefano
91273,Guy Moshe
91323,David Gordon Green
91325,Stephen Daldry
91337,Marc Fienberg
91353,Not available
91355,Stefan Fjeldmark
91386,George Miller
91414,Sarah Smith
91470,Contact info
91483,Walter Hill
91485,Simon West
91488,Jimmy T. Murakami
91500,Gary Ross
91529,Christopher Nolan
91535,Tony Gilroy
91542,Guy Ritchie
91571,Ralph Fiennes
91622,Jason Reitman
91628,Dennis Rosenblatt
91630,Brad Bird
91653,Cameron Crowe
91658,David Fincher
91660,Chris Gorak
91666,Henry Cass
91671,Mike Mitchell
91688,George Ratliff
91690,Jennifer Westfeldt
91784,Sebastian Gutierrez
91842,Baltasar Kormákur
91860,Johan van der Keuken
91869,Constance Marks
91873,Todd Graff
91890,Phyllida Lloyd
91935,Niall MacCormick
91947,D. Kerry Prior
91974,Måns Mårlind
91976,J.C. Burdine
91978,Asger Leth
91981,Kaige Chen
92008,Steven Soderbergh
92046,Michael Glawogger
92048,Larysa Kondracki
92094,Philip Martin
92192,Gonzalo López-Gallego
92198,Roger Donaldson
92234,Anthony Hemingway
92243,Yimou Zhang
92259,Olivier Nakache
92264,Julie Anne Robinson
92309,Ti West
92348,Kimio Yabuki
92391,Colin Minihan
92420,Josh Trank
92422,James Watkins
92427,Detlev Buck
92439,Gavin Wiesen
92475,Adam Curtis
92494,Michael Matheson
92507,Daniel Espinosa
92509,Michael Sucsy
92535,Louis C.K.
92637,Not available
92643,Philippe Falardeau
92665,Jamie Travis
92674,David M. Rosenthal
92681,Brad Peyton
92694,David Mackenzie
92730,Not available
92760,George A. Lewis
92938,Ashok Amritraj
92954,Russell Mulcahy
93006,Darren Criss
93008,Matt Lang
93022,Abram Cox
93040,David McCullough
93114,Jean-Luc Godard
93134,Not available
93139,Christopher Ray
93193,Patrick Hughes
93208,George Scribner
93242,Heitor Dhalia
93270,Nima Nourizadeh
93272,"January 6, 2022 (United Kingdom)"
93287,David Frankel
93297,Mike McCoy
93320,Mike Clattenburg
93326,McG
93363,Andrew Stanton
93443,Michael Dowse
93502,Matthew Chapman
93510,Phil Lord
93512,Tommy Edison
93563,James Mather
93598,Justin Kurzel
93610,"August 28, 2023 (United Kingdom)"
93721,David Gelb
93723,Whit Stillman
93740,Lasse Hallström
93766,Jonathan Liebesman
93790,Tony Kaye
93805,Timo Vuorensola
93819,Mike Flanagan
93831,Jon Hurwitz
93838,Gareth Evans
93840,Drew Goddard
93855,Bobcat Goldthwait
93980,Bobby Farrelly
93982,James McTeigue
93988,Contact info
94011,Chuck Lorre
94015,Tarsem Singh
94018,Peter Berg
94070,John Madden
94122,Morgan Spurlock
94130,Lee Hirsch
94150,Tanya Wexler
94160,Victor Cook
94262,Spencer Gordon Bennet
94266,Nicholas Stoller
94323,Tim Story
94325,Scott Hicks
94405,Boaz Yakin
94478,Tim Burton
94494,Aimee Lagos
94503,Sheree Folkson
94661,Shimit Amin
94677,Larry Charles
94735,Kenneth Branagh
94777,Barry Sonnenfeld
94780,Rupert Sanders
94799,Zal Batmanglij
94810,Kike Maíllo
94833,"February 23, 2012 (United States)"
94864,Ridley Scott
94867,Nicholas McCarthy
94896,Richard Linklater
94919,Baltasar Kormákur
94931,Sarah Polley
94953,David Wain
94959,Wes Anderson
94985,Adrian Grunberg
95004,Lauren Montgomery
95067,Brian Robbins
95088,Colin Trevorrow
95105,Eric Darnell
95135,Lynn Shelton
95145,Daisuke Nishio
95147,Not available
95149,Sam Liu
95163,Not available
95165,Not available
95167,Mark Andrews
95170,Andrew Knight
95175,Peter Werner
95182,Not available
95193,Tom Ellery
95199,Kirk Jones
95201,Woody Allen
95207,Timur Bekmambetov
95307,Bernhard Baran
95309,Lorene Scafaria
95311,Doug Sweetland
95313,Brad Bird
95377,Mark Andrews
95441,Seth MacFarlane
95449,Steven Soderbergh
95473,Not available
95475,Mitsuo Hashimoto
95497,Daisuke Nishio
95499,Not available
95508,Hadi Hajaig
95510,Marc Webb
95519,Yoshihiro Ueda
95543,Steve Martino
95558,Benh Zeitlin
95583,Oliver Stone
95624,Nick Love
95633,Kerry Beyer
95654,Jan Pinkava
95690,Jack Perez
95717,Barnaby Kay
95720,Akiva Schaffer
95738,Michael Kruzan
95744,Julie Delpy
95761,William Friedkin
95771,Shigeyasu Yamauchi
95780,Yoshihiro Ueda
95796,Don E. FauntLeRoy
95839,David Hugh Jones
95843,Vincente Minnelli
95858,Ralph Eggleston
95873,Jonathan Dayton
95875,Len Wiseman
95939,Ken Loach
95949,Paolo Genovese
95965,Not available
96004,Yoshihiro Ueda
96007,Not available
96020,Not available
96079,Sam Mendes
96084,Not available
96110,Jay Roach
96114,Gabe Torres
96121,David Frankel
96150,Lauren Greenfield
96281,Chris Butler
96283,David Bowers
96373,Rufus Norris
96411,Arthur Bradford
96417,David Koepp
96430,Peter Hedges
96432,John Hillcoat
96448,John Gulager
96471,Helen Mirren
96488,Malik Bendjelloul
96518,Helen Mirren
96520,John Madden
96530,Josh Stolberg
96563,Joe Berlinger
96567,Brian Klugman
96588,Jason Moore
96606,Ron Fricke
96608,Chris Bailey
96610,Rian Johnson
96616,Sean Anders
96655,Chris Sanders
96691,Paul W.S. Anderson
96726,Daryl Wein
96728,Paul Thomas Anderson
96737,Pete Travis
96811,David Ayer
96815,Matt Bettinelli-Olpin
96821,Stephen Chbosky
96829,David Attenborough
96832,Leos Carax
96861,Olivier Megaton
96917,Mark Tonderai
96935,Not available
96945,Not available
96964,Pascal Laugier
96975,Lisa Azuelos
97024,Jacques Audiard
97168,Kevin Macdonald
97172,Tim Burton
97188,Scott Derrickson
97194,Michael Matessino
97225,Genndy Tartakovsky
97230,Christopher Kenneally
97285,Not available
97304,Ben Affleck
97306,Martin McDonagh
97328,Josh Radnor
97470,Aaron Harvey
97643,Paco Plaza
97665,Alain Chabat
97701,Henry Joost
97742,Rob Cohen
97752,Tom Tykwer
97757,Javier Soto
97785,M.J. Bassett
97836,Frank Coraci
97858,P.J. Hogan
97860,Andrew Dominik
97866,Bart Layton
97870,Ben Lewin
97904,James Ponsoldt
97913,Rich Moore
97921,David O. Russell
97923,Robert Zemeckis
97936,Joe Wright
97938,Ang Lee
97950,RZA
97988,Barry Levinson
98061,Sion Sono
98083,Jeff Tremaine
98122,Lisanne Pajot
98124,Jay Oliva
98154,Steven Spielberg
98160,Todd Rohal
98175,Amy Heckerling
98203,Bill Condon
98230,Jamie Linden
98239,Dan Bradley
98243,Peter Ramsey
98279,Crispian Mills
98296,Stefan Ruzowitzky
98361,Neil Jordan
98491,John Kahrs
98499,Jackie Chan
98503,Not available
98585,Sacha Gervasi
98604,Not available
98607,Takeshi Koike
98623,Sammo Kam-Bo Hung
98633,Not available
98697,Kate Tracy
98799,Bill Jones
98809,Peter Jackson
98836,Roger Michell
98908,Scott Culver
98961,Kathryn Bigelow
99005,David Barrett
99007,Jonathan Levine
99030,Declan O'Brien
99087,Gabriele Muccino
99106,Anne Fletcher
99112,Christopher McQuarrie
99114,Quentin Tarantino
99117,Judd Apatow
99122,Dirk Campbell
99130,Norman Apstein
99145,J.A. Bayona
99149,Tom Hooper
99191,Matt Cooper
99415,Andy Fickman
99437,Don Coscarelli
99532,Gérard Depardieu
99574,Gus Van Sant
99636,Gauri Shinde
99638,Yoshihiro Nakamura
99721,John Luessenhop
99728,Ruben Fleischer
99750,Ariel Vromen
99764,Don Hertzfeldt
99813,Jay Oliva
99846,Steven Riley
99853,Madeleine Olnek
99910,Kim Jee-woon
99917,Shane Carruth
99992,James Marsh
100044,John Hurt
100068,Daniel Cohen
100083,Elizabeth Banks
100106,Sophie Fiennes
100159,Ben Wheatley
100163,Tommy Wirkola
100194,Jaime Eliezer Karas
100226,Phil Dorling
100277,Miguel Gomes
100302,Juan Solanas
100304,Craig Viveiros
100306,Gerald Kargl
100326,Fisher Stevens
100383,Steven Soderbergh
100390,Seth Gordon
100397,Kaare Andrews
100487,Richard LaGravenese
100498,John Moore
100527,Lasse Hallström
100553,David Attenborough
100556,Joshua Oppenheimer
100579,John Hyams
100611,Logan Ridenbaugh
100714,Richard Linklater
100737,Ric Roman Waugh
100810,Scott Stewart
100843,Jan-Ole Gerster
100882,Not available
100906,William Lustig
101025,Bryan Singer
101070,Haifaa Al-Mansour
101072,Andreas Prochaska
101074,Clyde Geronimi
101076,Jon M. Chu
101088,Park Chan-wook
101112,Sam Raimi
101142,Kirk DeMicco
101283,Don Scardino
101360,Brad Anderson
101362,Antoine Fuqua
101415,Jonathan Kasdan
101423,"April 12, 2024 (United Kingdom)"
101525,Derek Cianfrance
101529,Ramaa Mosley
101531,David Mamet
101577,Andrew Niccol
101612,Paul Weitz
101739,Fede Alvarez
101741,Danny Boyle
101765,Pascal Chaumeil
101864,Joseph Kosinski
101884,John Stockwell
101895,Brian Helgeland
101962,Mamoru Hosoda
101973,Henry Alex Rubin
102007,Patrick Archibald
102025,Rich Koz
102033,Jesse Eisenberg
102058,Sam Liu
102066,Justin Benson
102070,Jon Wright
102084,Lauren Montgomery
102088,Kar-Wai Wong
102123,Evan Goldberg
102125,Shane Black
102165,Craig Zisk
102194,Jeff Nichols
102217,Chris Bould
102278,David A. Armstrong
102338,Cheh Chang
102378,Aram Rappaport
102407,Baz Luhrmann
102445,J.J. Abrams
102481,Shawn Levy
102590,Luke Meyer
102602,Georgiy Daneliya
102666,Leonid Gaidai
102684,Nicolas Winding Refn
102686,Todd Phillips
102716,Contact info
102720,Chris Wedge
102735,Rod Holcomb
102742,Wang Bing
102747,Charles Chaplin
102749,Ivan Nagy
102760,Ben Wheatley
102800,Noah Baumbach
102802,Rob Zombie
102819,Steven Soderbergh
102823,Jonas Mekas
102852,Terry Dougas
102880,M. Night Shyamalan
102903,Louis Leterrier
102984,Daniel Krige
102993,Nat Faxon
103027,Joss Whedon
103042,Zack Snyder
103048,Jordan Vogt-Roberts
103075,James DeMonaco
103085,Paul Middleditch
103107,Morgan Neville
103137,Sofia Coppola
103141,Dan Scanlon
103171,Matthias Schweighöfer
103210,Kazuya Murata
103219,Franck Khalfoun
103221,Peter Templeman
103228,Guillermo del Toro
103233,Jon Burton
103235,Giuseppe Tornatore
103245,Enzo Doria
103249,Marc Forster
103253,Neill Blomkamp
103335,Pierre Coffin
103339,Roland Emmerich
103341,Edgar Wright
103366,Not available
103372,Paul Feig
103384,Gore Verbinski
103449,Brian De Palma
103483,Simon Barrett
103502,Jesse Lawrence
103539,James Ponsoldt
103543,Liz W. Garcia
103596,Anthony C. Ferrante
103602,Jay Chapman
103606,Josh Boone
103609,Randall Miller
103624,Ryan Coogler
103655,Robert Schwentke
103685,Ben Wheatley
103688,James Wan
103755,David Soren
103772,James Mangold
103801,Joe Swanberg
103810,Dean Parisot
103819,Brad Copeland
103865,Chadd Harbold
103883,Baltasar Kormákur
103980,Woody Allen
103984,Paolo Sorrentino
104017,T. Fikret Uçak
104069,Louis C.K.
104074,Thor Freudenthal
104076,Raja Gosnell
104078,Declan Lowney
104129,Keanu Reeves
104141,Curt Geda
104211,Rawson Marshall Thurber
104218,Dennis Dugan
104241,Jeff Wadlow
104243,David Twohy
104245,Klay Hall
104272,Gabriela Cowperthwaite
104283,Hayao Miyazaki
104303,Joshua Michael Stern
104337,Not available
104339,Lake Bell
104419,Sam Liu
104457,Adam Wingard
104644,Jordan Brady
104760,Courtney Solomon
104780,Roman Kachanov
104837,Gordon Hessler
104841,Alfonso Cuarón
104875,John Mitchell
104879,Denis Villeneuve
104906,Jerusha Hess
104908,James Wan
104913,Ron Howard
104925,Luc Besson
104944,Destin Daniel Cretton
105020,Lewis Teague
105037,Maggie Carey
105121,Ruba Nadda
105197,Alexander Payne
105211,Nicole Holofcener
105213,Joseph Gordon-Levitt
105246,Michel Gondry
105250,Adam Curtis
105254,Sebastián Silva
105325,Jacob Vaughan
105351,Brad Furman
105355,Abdellatif Kechiche
105468,Cody Cameron
105504,Paul Greengrass
105540,Paul Sabella
105585,Robert Rodriguez
105593,Jon S. Baird
105653,Mikael Håfström
105720,Louis Malle
105731,Kimberly Peirce
105746,Brian Spitz
105755,Ridley Scott
105801,Randy Moore
105835,Richard Ayoade
105844,Steve McQueen
105954,J.C. Chandor
106002,Gavin Hood
106062,Jeff Tremaine
106072,Alan Taylor
106100,Jean-Marc Vallée
106144,Clio Barnard
106330,Jon Turteltaub
106438,Stephen Frears
106441,Brian Percival
106487,Francis Lawrence
106489,Peter Jackson
106491,Carl Rinsch
106540,Ken Scott
106542,Fredrik Bond
106594,Alex Karpovsky
106642,Úrsula Corberó
106648,Not available
106696,Chris Buck
106766,Ethan Coen
106782,Martin Scorsese
106785,Gary Fleder
106839,Justin Chadwick
106873,Mahiro Maeda
106883,Phil Morrison
106889,Teller
106916,David O. Russell
106918,Ben Stiller
106920,Spike Jonze
106927,Noboru Iguchi
107013,Robert Zemeckis
107069,Peter Berg
107141,John Lee Hancock
107159,Kazuo Ikehiro
107314,Spike Lee
107338,Ed Herzog
107348,Adam McKay
107406,Bong Joon Ho
107408,Not available
107410,Not available
107412,Leonid Gaidai
107436,Vincenzo Natali
107447,Quentin Dupieux
107449,Kirk R. Thatcher
107462,Isaac Florentine
107565,Not available
107630,John Stalberg Jr.
107723,Yoshiaki Kawajiri
107771,Jim Jarmusch
107780,David Mallet
107846,Charles Correll
107945,Suri Krishnamma
107951,Reshef Levi
107953,Valentin Fuentealba
107962,Mikael Salomon
107997,Jim Mickle
107999,Mitsuo Hashimoto
108078,Cédric Klapisch
108090,Not available
108156,Tim Story
108188,Kenneth Branagh
108190,Neil Burger
108192,Wes Anderson
108540,"Hamden, Connecticut, USA"
108601,Ben Nott
108689,Stuart Beattie
108715,Geoff Moore
108727,Lars von Trier
108729,Denis Villeneuve
108795,Lauren Montgomery
108928,George Clooney
108932,Phil Lord
108945,José Padilha
108949,Jonathan Sobol
108981,Lars von Trier
109042,Joe Lynch
109161,Roman Polanski
109183,Chris Nelson
109187,Terry Gilliam
109191,Akiva Goldsman
109241,Not available
109282,Brett Whitcomb
109295,Tze Chun
109313,Merzak Allouache
109317,Rob Pearlstein
109372,Steve Pink
109374,Wes Anderson
109383,Terence Nance
109416,Bille Woodruff
109483,Tom Gormican
109487,Christopher Nolan
109569,McG
109576,Rob Meltzer
109578,Jaume Collet-Serra
109596,Not available
109633,Makoto Shinkai
109673,Noam Murro
109687,Mark Levinson
109723,David Grovic
109846,Rob Minkoff
109848,Jonathan Glazer
109850,Scott Waugh
109853,Andrew Fleming
109864,Rob Thomas
109895,Jason Bateman
109897,Christopher Spencer
109941,Raman Hui
109968,Not available
109971,Emilio Martínez Lázaro
110102,Anthony Russo
110127,Darren Aronofsky
110130,Peter Lepeniotis
110281,Stephen Chow
110286,Daniel Stamm
110297,James Bobin
110330,Bernardo Bertolucci
110350,Valve
110387,Errol Morris
110501,Gareth Evans
110541,Albert Pyun
110553,Marc Webb
110586,John Michael McDonagh
110591,Mike Flanagan
110603,Harold Cronk
110611,Jim Mickle
110655,Carlos Saldanha
110669,Tyler Measom
110718,John Turturro
110730,Wally Pfister
110746,BJ McDonnell
110771,Nick Cassavetes
110773,Michael Tiddes
110781,Darrell Rooney
110826,Camille Delamarre
110882,Steven Knight
111113,Nicholas Stoller
111146,Richard Rich
111320,"April 15, 2021 (United Kingdom)"
111360,Luc Besson
111362,Bryan Singer
111364,Gareth Edwards
111375,Steven Brill
111384,Jeremy Saulnier
111443,Jon Favreau
111551,Derek Lee
111617,Frank Coraci
111622,John Carney
111659,Robert Stromberg
111663,Jordan Rubin
111680,Adam Rodgers
111732,Alejandro Jodorowsky
111743,Seth MacFarlane
111759,Doug Liman
111781,Christopher McQuarrie
111785,Christian T. Petersen
111795,Craig Gillespie
111800,Darren Stein
111817,John Ridley
111844,Craig Moss
111913,Hong Khaou
111921,Josh Boone
112006,Nathan Greno
112070,David Cronenberg
112138,Phil Lord
112171,Antoine Fuqua
112175,Dean DeBlois
112183,Alejandro G. Iñárritu
112290,Richard Linklater
112303,Tim Story
112316,Clint Eastwood
112326,Rod Hardy
112334,Brian Knappenberger
112370,Michael Bay
112421,Lenny Abrahamson
112450,David Wain
112454,Taru Mäkelä
112460,Bobs Gannaway
112497,Ben Falcone
112512,Not available
112515,Jennifer Kent
112552,Damien Chazelle
112556,David Fincher
112580,Phil Alden Robinson
112623,Matt Reeves
112727,Scott Derrickson
112749,Rob Reiner
112788,Jake Kasdan
112804,Mike Cahill
112818,James DeMonaco
112852,James Gunn
112868,William Eubank
112897,Patrick Hughes
112911,Brett Ratner
112940,Anton Corbijn
113159,Jeff Baena
113186,Matthew Saville
113207,Tate Taylor
113225,Woody Allen
113252,Gerard Johnstone
113275,Lasse Hallström
113278,Jay Oliva
113280,Quentin Lee
113313,Zachary Donohue
113345,Lana Wachowski
113348,Jonathan Liebesman
113350,Richie Mehta
113374,Sylvain Chomet
113378,Phillip Noyce
113394,Jenée LaMarque
113416,Wai Keung Lau
113453,Luke Greenfield
113532,Damon Beesley
113565,Ti West
113573,Frank Miller
113604,R.J. Cutler
113705,Not available
113741,James Ward Byrkit
113780,John Erick Dowdle
113829,Charlie McDowell
113849,Pen-Ek Ratanaruang
113862,Adam Wingard
114028,Matthew Warchus
114044,Leigh Janiak
114060,Michaël R. Roskam
114066,Iain Forsyth
114074,Craig Johnson
114126,Aaron Rose
114180,Wes Ball
114184,Peter Sattler
114246,Scott Frank
114265,Lynn Shelton
114335,Saul Gilbert
114396,Diego Luna
114494,Baran bo Odar
114554,Isao Takahata
114601,Shawn Levy
114627,Mamoru Oshii
114662,Clint Eastwood
114670,Kevin Smith
114678,Peter Chelsom
114707,Theis Molin
114713,John R. Leonetti
114762,Max Nichols
114795,Gary Shore
114818,Joe Carnahan
114847,Gabe Ibáñez
114925,Atom Egoyan
114935,Michael Spierig
115065,Manuel Sicilia
115111,Peter Cornwell
115122,Jemaine Clement
115149,Chad Stahelski
115151,Julian Gilbey
115170,David Dobkin
115203,Brett Harvey
115210,David Ayer
115216,Kristian Levring
115231,Theodore Melfi
115502,Marc Lawrence
115569,Dan Gilroy
115617,Don Hall
115664,Jorge R. Gutiérrez
115667,Christian Ditter
115680,Bradley King
115713,Mel Croucher
115727,Not available
115819,Laurent Witz
115828,Mark Raso
115877,David Silverman
115969,Volker Bruch
116044,Arnold Schwarzenegger
116138,Andrey Zvyagintsev
116169,Chao-Bin Su
116207,Jérôme Salle
116411,Zaza Urushadze
116413,Susanna Fogel
116419,Brian Trenchard-Smith
116505,Steffen Haars
116529,Fedor Bondarchuk
116668,Tommy Wirkola
116718,Grigoriy Aleksandrov
116724,Giddens Ko
116738,Brett Pierce
116797,Morten Tyldum
116799,Paul Thomas Anderson
116817,William H. Macy
116823,Francis Lawrence
116849,Isaac Feder
116887,Ridley Scott
116897,Damián Szifron
116941,Iwao Takamoto
116963,Damian Lee
116985,Peter Glanz
117107,Karen Leigh Hopkins
117109,Casper Kelly
117133,Gordon Chan
117176,James Marsh
117192,Sydney Newman
117364,Orlando von Einsiedel
117368,Gary Trousdale
117444,Tomm Moore
117466,Ron Howard
117511,Stephen Merchant
117529,Colin Trevorrow
117531,Atsuo Nakamura
117533,Laura Poitras
117545,Louis Clichy
117572,Ricky Blitt
117590,Sean Anders
117630,John Paragon
117646,Doug Lefler
117849,Coline Serreau
117851,Eric Darnell
117867,Yann Demange
117877,Antoine Delesvaux
117881,Richard Glatzer
117887,Paul King
117895,Wes Ball
117922,Karen Disher
118082,Marjane Satrapi
118166,Dominic Cooke
118198,Nadav Schirman
118248,Paul Schrader
118270,J.T. Petty
118290,Albert Pyun
118326,James Mottern
118354,Michael Cuesta
118512,Steve Rash
118530,Dan Austin
118572,Tony Mahony
118696,Peter Jackson
118700,Ava DuVernay
118702,Angelina Jolie
118706,Brian Padian
118784,Ralf Christensen
118814,Justin Reardon
118834,Mort Nathan
118862,Greg Berlanti
118880,Ana Lily Amirpour
118888,Stan Lathan
118894,Contact info
118896,Xavier Dolan
118900,Jean-Marc Vallée
118924,Chris Rock
118930,Jaime Eliezer Karas
118985,Tim Burton
118997,Rob Marshall
119068,Jason Reitman
119141,Evan Goldberg
119145,Geoff Bell
119153,Jaime Eliezer Karas
119155,Shawn Levy
119167,Brenton Spencer
119218,Phil Joanou
119655,Sergei Bodrov
119714,David Storey
119828,Marc Forster
119964,Tristram Shapeero
120130,Takahiro Ômori
120138,Rajkumar Hirani
120466,Neill Blomkamp
120478,Juliano Ribeiro Salgado
120625,Yuriy Bykov
120635,Brian Katkin
120637,Michael Mann
120761,Lev Kuleshov
120783,Julius Avery
120799,Alan Taylor
120807,Ryan Polito
120813,Jason Woliner
120827,Brian Mills
120919,Jin Jang
121007,Robert Vince
121035,Adrien Brody
121097,Jeff Franklin
121099,Jim Kammerud
121129,Josh Stolberg
121169,Peter Strickland
121171,Gabe Polsky
121231,David Robert Mitchell
121253,Alfonso Gomez-Rejon
121338,Gerald Thomas
121342,Gerald Thomas
121372,Shannon Hartman
121374,Shannon Hartman
121469,Jeff Fisher
121715,Manny Rodriguez
121781,Audu Paden
122092,Saul Metzstein
122246,Alex Zamm
122260,Kate Ashfield
122433,Freddie Francis
122490,Mark Young
122627,Sam Irvin
122882,George Miller
122884,Leigh Whannell
122886,J.J. Abrams
122888,Timur Bekmambetov
122890,Duncan Jones
122892,Joss Whedon
122896,Joachim Rønning
122898,Zack Snyder
122900,Peyton Reed
122902,Josh Trank
122904,Tim Miller
122906,D.A. Jackson
122912,Anthony Russo
122916,Taika Waititi
122918,James Gunn
122920,Anthony Russo
122922,Scott Derrickson
122924,Bryan Singer
122926,Destin Daniel Cretton
122932,Official Site
123200,John Moffitt
123310,Jan de Bont
123545,Randal Kleiser
123553,Uwe Boll
123947,Daniel Barnz
124273,Joey Figueroa
124404,Andrés G. Schaer
124484,Contact info
124851,Rodrigo García
124853,Saul Bass
124859,Rupert Wyatt
125221,Edward Nassour
125914,David Koepp
125916,Sam Taylor-Johnson
125970,Duwayne Dunham
125974,Mark A.Z. Dippé
126088,Joanna Romersa
126090,Yuri Norstein
126142,Alessandra Martines
126420,Sarik Andreasyan
126426,Lidiya Ishimbaeva
126430,James Badge Dale
126482,Gary Rydstrom
126548,Ari Sandel
126577,Joan Espinach
126921,Jim Kammerud
127052,Leonid Gaidai
127096,Dean Israelite
127098,Louis C.K.
127108,John Crowley
127114,James Ponsoldt
127116,Michael Almereyda
127130,Noah Baumbach
127132,Mora Stephens
127134,Ken Kwapis
127136,Rupert Goold
127146,Jay Cheel
127152,Alex Gibney
127164,Liz Garbus
127172,Mark Cousins
127180,Mark Cousins
127184,Mia Hansen-Løve
127194,Andrew Mogel
127198,Rick Famuyiwa
127202,Alfonso Gomez-Rejon
127204,Patrick Brice
127212,Kyle Patrick Alvarez
127298,Roy Andersson
127319,Erik Van Looy
127323,Brian A. Miller
127390,Not available
128087,Mario Siciliano
128089,Shannon Hartman
128097,Shannon Hartman
128099,Shannon Hartman
128197,Martin Davidson
128360,Quentin Tarantino
128366,Bobcat Goldthwait
128488,Simon West
128512,Jake Schreier
128520,Jeremy Garelick
128542,Kiah Roache-Turner
128592,Rob Cohen
128594,Elliott Kerrigan
128620,Sebastian Schipper
128695,Andreas Prochaska
128736,Casey Affleck
128832,Richard LaGravenese
128838,Guillermo del Toro
128842,Colin Teague
128852,Keith Truesdell
128900,Neil Thompson
128902,Noël Burch
128908,Thom Fitzgerald
128914,Jay Chapman
128944,Dean Cundey
128968,"May 27, 2020 (United Kingdom)"
128975,Steve Pink
128991,Kyungmin Woo
129011,Peter Richardson
129229,Claudio Fäh
129250,Jason Friedberg
129313,Coralie Fargeat
129333,Matthew A. Brown
129354,Glenn Ficarra
129397,Louis D'Esposito
129428,John Madden
129514,Rocco Urbisci
129657,Daniel Benmayor
129659,Niki Caro
129737,Ken Scott
129779,Masahiko Murata
129937,Jaume Collet-Serra
130050,Adam Green
130052,Jon Watts
130073,Kenneth Branagh
130083,Daniel Alfredson
130087,Jacob Hoyson
130444,Felix Fuchssteiner
130450,Joe Wright
130452,Noah Baumbach
130482,Byron Haskin
130490,Robert Schwentke
130498,Thomas Gilou
130518,"September 10, 2020 (United Kingdom)"
130520,Tim Johnson
130576,Jeff Nichols
130578,Pierre Morel
130634,James Wan
130686,Todd Strauss-Schulson
130840,Hidenori Jôhô
130842,Judd Lynn
130970,Rocco Urbisci
130976,Nikolay Lebedev
130978,Vladimir Menshov
131013,Etan Cohen
131023,Damon Gameau
131098,Leon Joosen
131104,Gérard Oury
131130,Spike Brandt
131237,Dmitriy Dyachenko
131439,Kriv Stenders
131480,Greg Francis
131578,Yahoo Serious
131610,Paul Schneider
131656,Mark Burton
131714,Kazuaki Kiriya
131724,Robert Durst
131739,Jay Oliva
131749,Benjamin Guedj
131796,Simon Curtis
131826,Ryan Polito
131920,Gren Wells
131934,David Wechter
132046,Brad Bird
132084,Eleanor Bergstein
132153,Séamus Hanly
132157,Andy Fickman
132333,John-Paul Davidson
132335,Mélanie Laurent
132362,Not available
132422,Spike Lee
132424,George Tillman Jr.
132454,Alexandra Kondracke
132462,Jim Weedon
132488,Tom Edge
132496,Dan Fogelman
132584,Sean McNamara
132618,Ralph Ziman
132660,Ben Palmer
132796,Brad Peyton
132800,Shira Piven
132888,Kathy Fusco
133115,Judd Ehrlich
133195,Aleksander Bach
133217,Jörg A. Hoppe
133281,Jonathan Demme
133365,Ariel Kleiman
133377,Shane Abbess
133419,Elizabeth Banks
133545,Courteney Cox
133645,Todd Haynes
133712,Eldar Ryazanov
133716,Charles B. Pierce
133771,Yorgos Lanthimos
133780,Alonso Ruizpalacios
133782,Henry Hobson
133798,Anne Fletcher
133802,John Maclean
133832,Eli Roth
133867,Kyle Newman
133879,Gerald Thomas
134004,Mars Callahan
134019,Anthony Stacchi
134021,Victor Levin
134041,Georgiy Daneliya
134095,Kôji Kawano
134130,Ridley Scott
134158,Fouad Mikati
134170,David Sandberg
134214,Paolo Sorrentino
134246,James McTeigue
134248,Jill Bauer
134252,Jean Image
134326,Franco Castellano
134334,Neeraj Vora
134368,Paul Feig
134393,Judd Apatow
134515,Brian Trenchard-Smith
134524,Randall Lobb
134528,Cameron Crowe
134775,Daniel Lee
134783,Doug Ellin
134796,Adam Curtis
134808,Adam Goldberg
134847,Javier Ruiz Caldera
134849,Chuck Jones
134853,Pete Docter
134859,Crystal Moselle
134861,Ryan Polito
134881,Contact info
135133,Francis Lawrence
135137,Chris Columbus
135143,David Yates
135198,Doris Dörrie
135216,Steve Binder
135288,Bill Condon
135436,Chris Renaud
135456,Kazuyoshi Fuseki
135518,Tarsem Singh
135532,Breck Eisner
135534,Michael Dougherty
135536,David Ayer
135567,Roland Emmerich
135569,Justin Lin
135777,Rohit Shetty
135787,John Little
135803,"November 19, 2018 (United Kingdom)"
135815,Cheh Chang
135861,Seth MacFarlane
135885,Terry Jones
135887,Kyle Balda
135937,Ezio Greggio
136012,Alan Mehrez
136016,Peter Sohn
136018,Scott Cooper
136020,Sam Mendes
136024,Osamu Dezaki
136297,Joseph Francis
136305,Anthony C. Ferrante
136341,"June 17, 2022 (United Kingdom)"
136353,Scott Jeralds
136355,Ben Jones
136359,Ray Patterson
136443,Manny Rodriguez
136445,Rocco Urbisci
136447,Rocco Urbisci
136449,Mamoru Oshii
136469,Robert B. Weide
136471,Leslie Small
136503,Scott Jeralds
136511,Rob Dipple
136540,Michela Carmazzi
136556,Tony Leondis
136562,Danny Boyle
136564,Justin Kurzel
136598,John Francis Daley
136602,Patrick Brice
136654,Michael Winterbottom
136664,Robert Duvall
136666,Scot Armstrong
136778,Terry Jastrow
136786,Elizabeth Allen Rosenbaum
136800,Jon Wright
136816,Craig Moss
136834,Danny Pang
136838,Stefan Holtz
136840,Holger Haase
136850,Michael Tuchner
136859,Roland Joffé
136864,Zack Snyder
136912,Yannis Smaragdis
136958,Baby
137218,Delbert Mann
137337,Asif Kapadia
137345,Dante Lam
137517,Al Adamson
137595,Gregory Jacobs
137857,Jon Favreau
137859,Shigeyasu Yamauchi
137863,Tadayoshi Yamamuro
138036,Guy Ritchie
138186,Millie Loredo
138204,Jake Szymanski
138208,Robert Zemeckis
138210,Michael Bay
138396,Giorgio Diritti
138546,Jennifer Finnigan
138610,Travis Cluff
138632,Sion Sono
138702,Patrick Osborne
138798,Fred Wolf
138835,Cecilia Aranovich
138966,Kitarô Kôsaka
139052,Gilles Paquet-Brenner
139130,Takashi Okazaki
139157,Venkat Prabhu
139385,Alejandro G. Iñárritu
139415,Woody Allen
139511,Sion Sono
139640,Toby Genkel
139642,Antoine Fuqua
139644,Denis Villeneuve
139655,Severin Fiala
139717,Michael C. Martin
139747,Chris Evans
139855,Duke Johnson
139857,Ryan J. Condal
139859,Atsushi Takeuchi
139915,Ana Medellín
139994,Neri Parenti
140016,James Moran
140038,Franco Castellano
140110,Nancy Meyers
140133,Fred Olen Ray
140162,Gaspar Noé
140174,Lenny Abrahamson
140237,Wes Ball
140247,Joel Edgerton
140265,Rocco Urbisci
140267,Robert Eggers
140289,Alex Garland
140301,Will Slocombe
140359,2009 (United States)
140481,Not available
140523,M. Night Shyamalan
140525,Billy Ray
140541,Segundo de Chomón
140561,Guy Nicolucci
140627,Sergey Mokritskiy
140711,Nima Nourizadeh
140715,F. Gary Gray
140725,Jon Watts
140737,Peter Krause
140816,Sean Baker
140850,Amy Berg
140852,Shozin Fukui
140928,David O. Russell
140956,Steven Spielberg
141004,Paul McGuigan
141131,Brett Harvey
141400,Cheh Chang
141408,Christopher Landon
141422,Sarah Gavron
141513,Sarah-Violet Bliss
141544,François Simard
141646,Jason Lapeyre
141668,Alex Kendrick
141688,Brian Helgeland
141718,Jason Howden
141749,Tom Hooper
141799,Jonathan Milott
141810,Georgiy Daneliya
141816,Algis Ramanauskas
141818,Michael Switzer
141820,"Pennsylvania, USA"
141830,Francesco Prosperi
141836,Leonid Gaidai
141844,Leonid Gaidai
141846,Alex Gibney
141866,Jeremy Saulnier
141890,Cary Joji Fukunaga
141928,Brian James O'Connell
141994,Darren Doane
142020,Édouard Molinaro
142056,Jon Favreau
142074,Eli Roth
142115,David Attenborough
142196,Daniel Maze
142222,Brendan Moar
142366,Phoenix West
142372,David Gordon Green
142420,Ben Wheatley
142422,Jonathan Levine
142424,Patricia Rozema
142444,Quin Ellery
142448,Baltasar Kormákur
142456,Jaco Van Dormael
142488,Tom McCarthy
142507,Edward Zwick
142509,Ilya Naishuller
142536,John Wells
142550,Takeshi Kitano
142558,Gérard Bitton
142598,Anthony DiBlasi
142602,Rob Mor
142831,Priyadarshan
142961,Wolfgang Murnberger
142997,Genndy Tartakovsky
143001,Reg Traviss
143031,Paul Hoen
143245,Mark Osborne
143255,John Erick Dowdle
143257,Tony McNamara
143355,Patty Jenkins
143367,Martin Scorsese
143385,Steven Spielberg
143410,Paul Gross
143458,Leste Chen
143472,David Hackl
143511,Tom Six
143525,Sabu
143559,Martin Owen
143859,Ethan Coen
143896,Jerry Rothwell
143969,David Wnendt
144210,Grant Baldwin
144222,Steffen Haars
144262,Don Argott
144352,Sang-il Lee
144478,Hideo Jôjô
144522,Tsutomu Takahashi
144606,George Clooney
144620,Rob Letterman
144714,David M. Rosenthal
144716,Barry Levinson
144734,Robbie Pickering
144976,S. Craig Zahler
145080,Raul Garcia
145150,Jocelyn Moorhouse
145283,Sebastian Dehnhardt
145418,Jay Roach
145491,Craig Shapiro
145724,Peter Fonda
145745,Scott Hartford-Davis
145839,Peter Landesman
145935,Steve Martino
145951,Elvis Restaino
145994,Mark Zakharov
146024,Alla Surikova
146028,Vasiliy Livanov
146210,Lev L. Spiro
146244,Yash Chopra
146309,Mamoru Hosoda
146656,Ryan Coogler
146662,Tom Owens
146682,Samantha Futerman
146684,Michael Thurmeier
146688,Afonso Poyart
146730,Trey Nelson
146986,Claude Berri
147002,Michelangelo Antonioni
147142,Olivier Nakache
147196,Leigh Jason
147250,Vasiliy Livanov
147282,Dmitriy Dyachenko
147286,Vasiliy Livanov
147300,Vasiliy Livanov
147326,Vasiliy Livanov
147328,Vasiliy Livanov
147330,Geoffrey Whitehead
147372,Vera Wylde
147374,Matt Smith
147376,Steven Moffat
147378,"October 22, 2012 (Australia)"
147380,Geoffrey Sax
147382,Jay Conning
147384,Mathias Chelebourg
147410,Fernando León de Aranoa
147657,Cheh Chang
147662,Cheh Chang
147936,Miklós Jancsó
148166,Kent Jones
148172,J Blakeson
148238,Sofia Coppola
148424,Spike Lee
148482,James Vanderbilt
148592,Craig Roberts
148626,Adam McKay
148632,Onur Tukel
148652,Frank Coraci
148667,Rhys Thomas
148671,James Wan
148675,Douglas Barr
148709,William Monahan
148775,Lev L. Spiro
148881,"March 1, 2021 (United Kingdom)"
148888,Ben Stiller
148956,Christian Ditter
148978,Atsushi Takahashi
148982,Curtis Harrington
149011,Jason Krawczyk
149144,Takashi Yamazaki
149146,Takashi Yamazaki
149330,Clive A. Smith
149334,Tom Ford
149350,Josh Bear
149352,Sean Anders
149354,Jason Moore
149380,Terry Ingram
149406,Alessandro Carloni
149508,In-ho Hwang
149566,Bryan Lefler
149590,Adam Alleca
149612,Keith Parmer
149830,Burr Steers
149902,Mamoru Oshii
150254,Sean Byrne
150548,Benedict Cumberbatch
150554,Allison Pregler
150596,"December 25, 2015 (Russia)"
150604,Antoine Bardou-Jacquet
150696,Cyril Dion
150993,Javier Ruiz Caldera
151311,Todd Solondz
151315,Tim Story
151317,Rebecca Miller
151455,Dexter Fletcher
151479,Danny Bilson
151501,Gee Malik Linton
151557,Roland Emmerich
151559,Bernard Rose
151653,Oliver Thompson
151687,Kevin Reynolds
151695,Stephen Fingleton
151739,Dan Mazer
151745,Poul Bang
151759,Peter D. Hutchison
151763,Tetsurô Araki
151769,Vladimir Popov
151777,Craig Gillespie
151781,Kenji Kamiyama
152037,Thomas Kail
152063,Alex Proyas
152065,Ciro Guerra
152071,Stephen Hopkins
152077,Dan Trachtenberg
152079,Babak Najafi
152081,Byron Howard
152083,Glenn Ficarra
152085,Werner Herzog
152091,Louis Leterrier
152105,Norman Cohen
152173,John Landis
152284,Paul Dano
152372,Van Manson
152591,Wilson Yip
152658,Gil Junger
152711,Bradley Cox
152970,Taika Waititi
153070,David Lynch
153236,Atsuko Fukushima
153386,Oldrich Lipský
153408,Uros Stojanovic
154065,Oliver Parker
154358,Annika Iltis
154975,François Ruffin
155064,Nicolas Winding Refn
155168,Lars Jessen
155288,Colin Firth
155358,Garth Davis
155589,Jukka Virtanen
155659,Stephen Frears
155743,Kirk Jones
155774,Gabriel Mascaro
155812,Dylan Kidd
155820,Peter Atencio
155892,Max Landis
156025,Ricardo Curtis
156371,Richard Linklater
156387,John Carney
156553,Pedro Morelli
156605,Jim Jarmusch
156607,Cedric Nicolas-Troyan
156609,Nicholas Stoller
156675,William Castle
156706,Alex Brewer
156726,Mike Flanagan
156781,Tristram Shapeero
156783,Paul Wheeler
157108,Ralf Huettner
157110,Christoph Schlingensief
157122,Matt Brown
157130,Shamim Sarif
157172,Charles B. Griffith
157200,Jodie Foster
157270,Malcolm D. Lee
157296,Andrew Stanton
157312,Ben Falcone
157340,Clay Kaytis
157369,Hitoshi Ône
157407,Chuck Russell
157432,Max Adams
157699,Oliver Stone
157775,Hiroshi Negishi
157865,Contact info
158022,Christian Ganiere
158027,Lee Ho-jae
158035,Yôichi Fujita
158238,Shane Black
158254,Don Michael Paul
158388,Glen A. Larson
158398,Roy Andersson
158402,Nikolay Lebedev
158528,Jaume Collet-Serra
158721,Benny Chan
158783,Park Chan-wook
158813,James Bobin
158830,Steven Spielberg
158842,John Dower
158872,Conrad Vernon
158874,Kazuhiko Yamaguchi
158882,Monika Mitchell
158956,Steven Gomez
158966,Matt Ross
158972,Maren Ade
159061,Na Hong-jin
159069,Mikhail Grigorev
159077,Alison Brown
159093,Jon M. Chu
159161,Jaime Eliezer Karas
159193,Woody Allen
159403,Yoshiaki Kawajiri
159415,Daniel Kwan
159441,Steven Brill
159510,Joe D'Amato
159690,Dave Green
159717,Rob Burnett
159755,Akiva Schaffer
159779,David Kerr
159811,Inessa Kovalevskaya
159817,Sigourney Weaver
159849,Bo Burnham
159858,James Wan
159976,Jeff Zimbalist
160080,Paul Feig
160271,Rawson Marshall Thurber
160289,Ezra Edelman
160341,Siu-Hung Leung
160400,Michael Grandage
160422,Jack Lee
160438,Paul Greengrass
160440,Michael Walker
160527,Kinji Fukasaku
160563,David Yates
160565,James DeMonaco
160567,Contact info
160569,Michael Thurmeier
160571,David F. Sandberg
160573,David Lowery
160644,James Schamus
160646,Andrew Neel
160684,Steven C. Miller
160718,Alan Barillaro
160730,Pamela Romanowsky
160836,Sion Sono
160848,Michael Dudok de Wit
160872,Jeffrey G. Hunt
160954,Henry Joost
160978,Hiroki Yamaguchi
160980,Clint Eastwood
161008,"December 27, 2020 (United Kingdom)"
161024,Ryan Polito
161032,David Lynch
161044,Thomas Borch Nielsen
161127,Brad Furman
161131,Todd Phillips
161290,Christian Sesma
161354,Sam Liu
161580,Jon Lucas
161582,David Mackenzie
161594,Takeshi Nozue
161634,Fede Alvarez
161830,Dan Berk
161918,Anthony C. Ferrante
161922,Kelly Fremon Craig
161966,Paul Verhoeven
162082,Yeon Sang-ho
162344,Jaime Eliezer Karas
162350,Antoine Fuqua
162414,Barry Jenkins
162478,Richard Lowry
162578,Travis Knight
162590,Sharon Maguire
162598,Peter Berg
162600,Tim Burton
162602,Tate Taylor
162606,Gavin O'Connor
162828,Daniel Ragussis
162968,Tatsuya Oishi
162982,Kanji Wakabayashi
163056,Hideaki Anno
163072,Fyodor Khitruk
163112,Fyodor Khitruk
163134,Makoto Shinkai
163386,Fyodor Khitruk
163527,Kathy Fusco
163639,Cecilia Aranovich
163645,Mel Gibson
163653,Alex Coletti
163809,Katie Krentz
163925,Igor Kovalyov
163937,Adam Wingard
163981,Rob Zombie
163985,Tony Elliott
164179,Denis Villeneuve
164200,Nicholas Stoller
164226,Jay Martin
164280,Alejandro Jodorowsky
164367,Colm McCarthy
164375,Ella Lemhagen
164540,Rod Blackhurst
164647,Andrew Bush
164655,Jim Jarmusch
164707,Francine McDougall
164753,Terry Ingram
164881,Emilis Velyvis
164909,Damien Chazelle
164917,Ava DuVernay
165075,Derrick Borte
165101,Ron Howard
165103,Greg Mottola
165139,Andy Tennant
165343,Kenny Ortega
165347,Edward Zwick
165483,Anthony Giordano
165489,"Grand Rapids, Minnesota, USA"
165529,Jeff Bleckner
165549,Kenneth Lonergan
165551,Garth Davis
165635,Michael J. Gallagher
165639,Taika Waititi
165645,Mark Waters
165671,Brett Harvey
165843,Laura Poitras
165947,Jeff Wadlow
165959,Konstantin Bronzit
165969,Adam Curtis
166015,Julien Rambaldi
166024,Damien Chazelle
166183,Boris Stepantsev
166203,Felix Fuchssteiner
166291,Taichi Ishidate
166461,Ron Clements
166492,Josh Gordon
166526,Thibaut Buccellato
166528,Alex Freed
166534,Nicole Campbell
166558,Anna Foerster
166568,John Madden
166635,Morten Tyldum
166643,Theodore Melfi
166705,Denzel Washington
166946,John Lee Hancock
167018,John Hamburg
167036,Garth Jennings
167064,"April 7, 2017 (United Kingdom)"
167296,Tod Browning
167370,Justin Kurzel
167380,Lasse Hallström
167538,"August 23, 2016 (United States)"
167570,Zal Batmanglij
167634,Richie Keen
167706,Hank Rogerson
167732,Roger Spottiswoode
167746,Chris McKay
167772,Trey Parker
167790,Daniel Cebrián
167854,Marcus Raboy
168026,Louis D'Esposito
168090,Not available
168144,Michael Blieden
168174,Jeannie Gaffigan
168218,Jemma Redgrave
168248,Chad Stahelski
168250,Jordan Peele
168252,James Mangold
168254,Jordan Vogt-Roberts
168266,Danny Boyle
168326,Michael Showalter
168350,Jim O'Hanlon
168358,Stanley Donen
168366,Bill Condon
168418,Tom McGrath
168456,Charles Burmeister
168492,Luca Guadagnino
168608,Dee Rees
168612,Rupert Sanders
168632,Jaime Eliezer Karas
168712,James Foley
168846,Neal Brennan
169034,Beyoncé
169180,Tanner Johnson
169670,Jeremy Gillespie
169904,Nigel Honeybone
169912,Ted Demme
169958,Sarah Adina Smith
169982,Dean Israelite
169984,Ridley Scott
169992,Todd Barrow
170289,Brad Turner
170297,Will Meugniot
170355,David Lynch
170357,Stan Lathan
170399,Dax Shepard
170401,Jeffrey Blitz
170411,Stan Lathan
170551,Kim Jee-woon
170597,Aleksandr Tatarskiy
170697,Marc Webb
170705,Scott Grimes
170777,Eduard Nazarov
170813,Seth Gordon
170817,Jonathan Levine
170827,Alex Kurtzman
170837,Mark Rosman
170875,F. Gary Gray
170897,Steven Brill
170907,Ted Braun
170937,Joe Swanberg
170939,David Soren
170945,Trey Edward Shults
170957,Brian Fee
170993,Nick Guthe
171011,David Attenborough
171023,Brett Haley
171251,Brian Knappenberger
171495,Neil deGrasse Tyson
171631,Jessica Yu
171695,Marty Callner
171701,Albert Serra
171749,Mamoru Miyano
171751,Rajkumar Hirani
171759,Sofia Coppola
171763,Edgar Wright
171765,Bong Joon Ho
171811,Mark Chatel
171867,Lucia Aniello
171891,Vlad Yudin
171917,Léa Fazer
172013,Maria Schrader
172215,Don Barnhart
172229,Martha Coolidge
172233,Gregory Mosher
172253,Thom Eberhardt
172321,Jordan Schlansky
172461,Dylan Bank
172497,John Bruno
172547,Kyle Balda
172577,Aleksandr Tatarskiy
172583,Aleksey Ptitsyn
172585,Boris Stepantsev
172587,Vladimir Popov
172589,Vladimir Popov
172591,Not available
172637,Gennadiy Vasilev
172705,Sara Taksler
172793,Boris Stepantsev
172825,Roman Davydov
172875,Shin'ichirô Watanabe
172881,Andrew R. Jones
172887,Shin'ichirô Watanabe
172909,Roman Kachanov
173145,Matt Reeves
173197,Ruben Östlund
173205,Noah Baumbach
173209,David Michôd
173235,Kyoko Miyake
173253,Marcus Raboy
173255,Liz Plonka
173291,Luc Besson
173307,Mathieu Ratthe
173317,Johan Grimonprez
173351,Robert Sahakyants
173355,Eduard Nazarov
173535,Vasiliy Livanov
173619,Francis Veber
173751,Simon Dixon
173873,Ted Danson
173925,Tommy Wirkola
173941,David Leitch
173963,Jan Sverák
174045,Jay Baruchel
174053,Daniel L. Wolff
174055,Christopher Nolan
174141,Eiichi Yamamoto
174403,Oliver Stone
174479,Ben O'Brien
174551,Richard Armitage
174681,Michael John Warren
174737,Luigi Comencini
174815,Andrew Jay Cohen
174909,Steven Soderbergh
175197,Nikolaj Arcel
175199,David F. Sandberg
175293,Roman Kachanov
175303,Andy Muschietti
175387,Vasiliy Livanov
175397,Robert Sahakyants
175401,Mikhail Kamenetskiy
175431,Vitaliy Melnikov
175435,James T. Walker
175475,Tony Leondis
175485,Adam Wingard
175569,Taylor Sheridan
175577,Scott Moran
175585,Ric Roman Waugh
175661,Patrick Hughes
175693,Erica Hayes
175705,Claude Faraldo
175707,Christian Krönes
175743,Julian Radlmaier
175781,Erich Neuberg
176051,Todd Grimes
176101,Matthew Vaughn
176329,Eric Abrams
176371,Denis Villeneuve
176389,Cal Brunker
176413,Doris Dörrie
176415,Doris Dörrie
176419,Darren Aronofsky
176423,Bryan Fogel
176579,Gerald Rascionato
176601,Charlie Brooker
176621,Fyodor Khitruk
176751,Doug Liman
176805,Erika Ty
176935,Dean Devlin
177185,Maz Jobrani
177285,Tomohiko Itô
177593,Martin McDonagh
177615,Greta Gerwig
177763,Kenneth Branagh
177765,Lee Unkrich
177939,Masaaki Yuasa
178061,Craig Gillespie
178111,Yukihiro Miyamoto
178129,Alexsiya Flora
178323,Chris Moukarbel
178613,Stan Lathan
178615,Ray Yeung
178827,Paul King
179053,Luke Scott
179073,Édouard Molinaro
179119,Armando Iannucci
179133,DK Welchman
179135,David Attenborough
179211,Jaime Eliezer Karas
179401,Jake Kasdan
179427,Dane Cook
179491,Joe Lynch
179511,Felix Fuchssteiner
179709,Woody Allen
179749,Patrick Brice
179813,Charlie Rose
179815,Dan Gilroy
179819,Rian Johnson
179953,Jon Lucas
180031,Guillermo del Toro
180045,Aaron Sorkin
180095,Stephen Chbosky
180231,Sean Anders
180263,Rebecca De Mornay
180265,Contact info
180297,James Franco
180497,Steven Spielberg
180777,Loretta Walz
180985,Michael Gracey
180987,Carlos Saldanha
181065,Brian Klein
181139,Marcus Raboy
181315,Paul Thomas Anderson
181413,Josh Greenbaum
181659,Jay Chapman
181719,Jeff Bleckner
182293,Cal Dalton
182297,"August 21, 2022 (United States)"
182299,Ben Hardaway
182639,Mahiro Maeda
182715,Alex Garland
182727,Scott Ellis
182731,Mark A.Z. Dippé
182749,Marcus Raboy
182793,Donatella Maiorca
182823,David Ayer
183011,Jaume Collet-Serra
183197,Stan Lathan
183199,Santiago Rizzo
183227,Stan Lathan
183295,Adam Robitel
183301,Jim Henson
183317,David Burton Morris
183611,John Francis Daley
183635,Wes Ball
183897,Wes Anderson
183911,Dito Montiel
183959,Jaime Eliezer Karas
184015,Ari Sandel
184053,Greg Aronowitz
184245,Johan van der Keuken
184253,Julius Onah
184257,Steven Avery
184349,Official Site
184471,Roar Uthaug
184641,Hiromu Arakawa
184721,Paul Schrader
184791,Lance Bangs
184931,Eli Roth
184987,Ava DuVernay
184997,Greg Berlanti
185029,John Krasinski
185031,Albert Hughes
185033,Anders Walter
185135,Arthur Conan Doyle
185435,Kyle Newacheck
185473,Kay Cannon
185585,Steven S. DeKnight
186587,Brad Peyton
187031,J.A. Bayona
187541,Brad Bird
187593,David Leitch
187595,Ron Howard
187717,Morgan Neville
188189,Boots Riley
188301,Peyton Reed
188675,Matteo Garrone
188751,Ol Parker
188797,Jeff Tomsic
188833,Terry Gilliam
189043,Shana Feste
189111,Joe Clarke
189333,Christopher McQuarrie
189381,Director X
189547,Brett Kelly
189713,Spike Lee
190183,Jennifer Yuh Nelson
190207,Gregor Wiebe
190209,Stuart Miller
190215,Carolina Jabor
190219,Chris Wedge
190221,Agnès Varda
191005,Yûichi Fukuda
193565,Shinji Takamatsu
193567,Tatsuyuki Nagai
193571,Pavel Priluchnyy
193573,Takahiko Kyôgoku
193579,Stewart Bailey
193581,Noriyuki Abe
193583,Atsuko Ishizuka
193585,Bruce Beresford
193587,Takuya Igarashi
193609,"March 30, 2022 (United Kingdom)"
