movieId,director
4389,Léa Pool
4390,Not available
4392,Woody Allen
4393,Woody Allen
4394,William Asher
4395,Not available
4396,Hal Needham
4397,Hal Needham
4399,Luis Buñuel
4402,Norman Taurog
4403,Roger Corman
4404,F.W. Murnau
4406,John Ford
4407,Oliver Stone
4408,Woody Allen
4409,Woody Allen
4410,Jonathan Demme
4412,Lee Frost
4419,Douglas Sirk
4420,Joseph L. Mankiewicz
4422,Ingmar Bergman
4424,Vittorio De Sica
4426,Robert Aldrich
4427,Anthony Harvey
4428,John Huston
4429,John Huston
4432,Alexander Mackendrick
4433,Douglas Sirk
4434,Elio Petri
4436,Brian De Palma
4437,Dario Argento
4438,Rudy Ruiz
4439,Uli Edel
4440,Bruce Lee
4441,Robert Clouse
4442,Michael Schultz
4443,Peter Hyams
4444,Not available
4445,Brett Leonard
4446,Hironobu Sakaguchi
4447,Robert Luketic
4448,Frank Oz
4449,Roger Gnoan M'Bala
4450,Larry Clark
4451,Joel Hopkins
4452,Jon Favreau
4453,Don Kempf
4454,Olympia Dukakis
4458,George Casey
4459,George Casey
4462,Paul Flaherty
4463,Marty Young
4464,Lawrence Kasdan
4465,Jonathan Kaplan
4466,Andrew Davis
4467,Terry Gilliam
4470,Aki Kaurismäki
4471,Bud Yorkin
4473,Peter Markle
4474,Garry Marshall
4475,Kevin Reynolds
4476,Jim Abrahams
4477,Randal Kleiser
4478,Mike Nichols
4480,Chuck Russell
4482,James Bridges
4483,Allan Arkush
4484,Bruno Nuytten
4487,Roger Donaldson
4488,Dennis Hopper
4489,John Landis
4490,Michael Ritchie
4492,Stephen Herek
4495,Joan Micklin Silver
4496,Annabel Jankel
4497,Mark Goldblatt
4498,Buddy Van Horn
4499,Frank Oz
4500,Peter Greenaway
4502,John R. Cherry III
4504,Daniel Goldberg
4505,John G. Avildsen
4506,Roman Polanski
4508,Michael Apted
4509,Howard Deutch
4511,Neil Jordan
4516,Bud S. Smith
4517,Frank LaLoggia
4518,Ken Russell
4519,Don Bluth
4520,Greg Beeman
4521,Richard Benjamin
4522,Bob Swaim
4523,Robert Redford
4524,Paul Mazursky
4526,Richard Benjamin
4527,William Richert
4529,Percy Adlon
4531,Walter Hill
4533,Dan O'Bannon
4534,Geoff Burrowes
4535,George Miller
4537,Sidney Lumet
4541,Wes Craven
4544,Kenneth Johnson
4545,John Badham
4546,Benjamin Giordano
4552,Shin'ya Tsukamoto
4553,John Carpenter
4557,Francis Ford Coppola
4558,Ivan Reitman
4562,Thom Eberhardt
4563,Yahoo Serious
4564,Steven Spielberg
4565,Sam Firstenberg
4568,Robert Radler
4571,Contact info
4572,Ridley Scott
4573,Ron Shelton
4574,Phillip Noyce
4577,Brian De Palma
4578,Emile Ardolino
4580,Albert Pyun
4581,Gary David Goldberg
4583,Jim Kouf
4584,Marc Rocco
4585,Howard Zieff
4587,Julien Temple
4589,Martin Davidson
4591,Terry Jones
4593,Sidney Lumet
4594,John Milius
4595,Roland Joffé
4597,Graeme Clifford
4599,Jim McBride
4600,Not available
4602,Eddie Murphy
4603,Bruce Beresford
4605,Bruce Robinson
4608,Peter Yates
4610,Pat O'Connor
4611,Walter Hill
4612,Denys Arcand
4613,Rod Daniel
4614,Mark DiSalle
4615,Uli Edel
4616,John G. Avildsen
4617,Joe Pytka
4619,Richard Greenberg
4621,Amy Heckerling
4622,Joan Micklin Silver
4623,David S. Ward
4624,Peter Jackson
4625,Michael Anderson
4626,Steve De Jarnatt
4628,Woody Allen
4629,John Irvin
4630,Thomas J. Wright
4632,Andrew Davis
4634,Contact info
4635,Buddy Van Horn
4636,Mark Goldblatt
4638,Joe Johnston
4639,Joe Roth
4640,Joel Coen
4641,Terry Zwigoff
4642,John Cameron Mitchell
4643,Tim Burton
4644,Silvio Soldini
4645,Kiyoshi Kurosawa
4646,Joel Hershman
4649,David Wain
4653,Richard Lester
4654,Rowdy Herrington
4658,Alejandro Jodorowsky
4660,Paul Bartel
4661,Harold Becker
4662,Arthur Hiller
4663,Stan Dragoti
4666,Blake Edwards
4670,Joseph Ruben
4671,Jane Campion
4672,Mel Smith
4673,Contact info
4675,Francis Veber
4676,Jeff Kanew
4677,Contact info
4678,Jay Levey
4679,John Hughes
4681,Danny DeVito
4683,Todd Holland
4686,Robert Klane
4687,John Schlesinger
4688,Bruce Beresford
4689,Not available
4690,Francis Ford Coppola
4695,Karel Reisz
4700,Garry Marshall
4701,Brett Ratner
4703,Claire Denis
4704,Howard Hawks
4705,Édouard Molinaro
4708,Peter Brook
4709,Joshua Logan
4710,Don Siegel
4711,Steven M. Martin
4713,Ken Russell
4714,Buddy Van Horn
4715,Mike Newell
4717,Robert Clouse
4718,J.B. Rogers
4719,Bobby Farrelly
4720,Alejandro Amenábar
4721,Les Mayfield
4722,Julie Davis
4723,Scott McGehee
4725,Brad Anderson
4727,John Madden
4728,Jerry Zucker
4732,Blair Hayes
4733,Woody Allen
4734,Kevin Smith
4735,John Carpenter
4736,Michael Tollin
4738,Brad Anderson
4740,Ben Elton
4741,Not available
4743,Maria Ripoll
4744,Victor Salva
4745,Tim Blake Nelson
4748,Jon Turteltaub
4749,Charles T. Kanganis
4750,Shin Sang-ok
4754,Robin Hardy
4756,Peter Hyams
4757,Stephen Herek
4759,Mark Brown
4765,Michael Cuesta
4766,Not available
4769,Mark Jonathan Harris
4770,Daniel Sackheim
4771,Brian Robbins
4772,Bob Giraldi
4773,Jacob Kornbluth
4774,Barry Sonnenfeld
4775,Vondie Curtis-Hall
4777,Cory McAbee
4780,Stephen Frears
4782,Edward Burns
4783,George Butler
4784,Karel Reisz
4785,Not available
4786,John Hough
4787,Jodie Foster
4788,Not available
4789,Brian De Palma
4792,William Castle
4794,Dario Argento
4795,Ralph Nelson
4796,Stanley Donen
4798,Stanley Donen
4799,Stanley Kramer
4800,J. Lee Thompson
4801,William Wyler
4802,Blake Edwards
4803,Clint Eastwood
4804,Frank Capra
4808,George Sluizer
4809,Mike Nichols
4810,Anthony Page
4811,Franc Roddam
4812,Harry Winer
4813,Rudolph Maté
4814,Gary Fleder
4815,Scott Hicks
4816,Ben Stiller
4818,Eric Hannah
4821,John Dahl
4822,Tim Hill
4823,Peter Chelsom
4825,Sam Vinal
4826,Samuel Fuller
4827,Ulli Lommel
4828,Gregory Everett
4830,Stuart Rosenberg
4831,Nancy Walker
4833,Peter Medak
4835,Michael Apted
4836,Joel Oliansky
4840,François Truffaut
4844,Barry Levinson
4845,Rob Pritts
4846,Woo-Ping Yuen
4847,Catherine Breillat
4848,David Lynch
4849,Christine Lahti
4850,Hirotsugu Kawasaki
4852,Ernest R. Dickerson
4855,Don Siegel
4857,Norman Jewison
4860,Dorian Walker
4862,Brian Gilbert
4863,Masaru Konuma
4864,Stephen Low
4865,Albert Hughes
4866,Rod Lurie
4867,Penny Marshall
4871,Neal Slavin
4873,Richard Linklater
4874,Iain Softley
4876,Steve Beck
4877,Jonathan Teplitzky
4878,Richard Kelly
4879,Mel Smith
4880,Irwin Winkler
4881,Joel Coen
4883,Robert Guédiguian
4885,Harold Becker
4886,Pete Docter
4887,James Wong
4888,Richard Linklater
4889,David Mamet
4890,Bobby Farrelly
4893,Fred Walton
4896,Chris Columbus
4898,David Atkins
4899,Gil Junger
4900,Brendan Malloy
4901,Tony Scott
4902,Guillermo del Toro
4903,Todd Field
4909,Joel Schumacher
4911,Terry Gilliam
4912,William Wyler
4914,"September 19, 2024 (United Kingdom)"
4915,Don Coscarelli
4916,Jack Smight
4917,Joseph Sargent
4919,Luc Besson
4920,Irving Rapper
4921,George Cukor
4925,Robert Moore
4926,Not available
4927,Peter Weir
4928,Luis Buñuel
4929,Richard Donner
4932,Brian De Palma
4936,Alan Parker
4939,Don Taylor
4941,Mike Hodges
4942,Ib Melchior
4945,James Fargo
4946,Steve Carver
4947,Clint Eastwood
4951,Harry Hook
4952,Mike Hodges
4953,Kevin Connor
4954,Lewis Milestone
4956,Richard Rush
4957,Clint Eastwood
4958,John Moore
4959,Charles Shyer
4961,Scott J. Gill
4962,Steve Miner
4963,Steven Soderbergh
4964,Majid Majidi
4965,Patrick Stettner
4966,Jack Arnold
4967,Danis Tanovic
4969,René Clair
4970,Josef von Sternberg
4971,Paul Mazursky
4973,Jean-Pierre Jeunet
4974,Joel Gallen
4975,Cameron Crowe
4976,Richard Eyre
4977,Mohsen Makhmalbaf
4978,Ray Lawrence
4979,Wes Anderson
4980,Contact info
4981,Christopher Morahan
4985,John Guillermin
4987,Lamont Johnson
4988,Jeff Bleckner
4989,Jesse Dylan
4990,John A. Davis
4991,John Pasquin
4992,Contact info
4993,Peter Jackson
4994,Frank Darabont
4995,Ron Howard
4998,Stanley Kramer
5004,Blake Edwards
5007,Jules Dassin
5008,Billy Wilder
5009,Michael Mann
5010,Ridley Scott
5011,Gillian Armstrong
5012,Barbra Streisand
5013,Robert Altman
5014,Jessie Nelson
5015,Marc Forster
5016,Lasse Hallström
5021,Robert Moore
5023,Neal Jimenez
5025,Jake Kasdan
5026,Christophe Gans
5027,Walter Hill
5028,Not available
5033,Fred Schepisi
5034,Anthony Minghella
5039,Matthew Robbins
5040,Richard Fleischer
5041,Ralph Bakshi
5046,Vincent D'Onofrio
5047,Steve Oedekerk
5048,Brian Levant
5049,Walter Hill
5051,Lone Scherfig
5053,Mike Binder
5054,Douglas Trumbull
5055,Rob Cohen
5059,Werner Herzog
5060,Robert Altman
5062,John Frankenheimer
5063,Marlon Brando
5064,Kevin Reynolds
5065,Mark Pellington
5066,Adam Shankman
5068,Xiaoshuai Wang
5069,Kazuki Akane
5071,Denis Villeneuve
5072,Rintarô
5073,Nanni Moretti
5074,Todd Solondz
5075,Gary Burns
5076,Stephen Sommers
5077,Joel Schumacher
5080,Dewey Nicks
5081,Jez Butterworth
5083,Sturla Gunnarsson
5088,Marielle Huey
5092,Shawn Levy
5093,Andrew Davis
5094,John McTiernan
5095,Billy Morrissette
5096,Patrick Read Johnson
5099,Allan Dwan
5102,Daniel Stern
5103,David Mickey Evans
5105,Nicolas Roeg
5106,Tamra Davis
5107,Gregory Hoblit
5108,Nick Cassavetes
5109,Robin Budd
5110,Jay Chandrasekhar
5111,Joseph Ruben
5112,Fred Schepisi
5113,Vittorio De Sica
5114,Vincente Minnelli
5116,Vincente Minnelli
5120,Joseph L. Mankiewicz
5121,Werner Herzog
5127,Tom Shadyac
5128,Michael Rymer
5131,Michael Kalesniko
5134,Barry Skolnick
5135,Mira Nair
5136,Larry Fessenden
5137,Doug Pray
5139,Michael Ritchie
5146,Yoshiaki Kawajiri
5147,"August 12, 2007 (South Korea)"
5151,Michael Lehmann
5152,Randall Wallace
5155,Jack Hill
5156,Jack Hill
5159,Bill Kroyer
5165,"January 14, 2022 (United Kingdom)"
5168,Stanley Donen
5170,Kevin Bray
5171,Simon Wells
5177,Orson Welles
5178,Rafal Zielinski
5181,James L. Conway
5187,Ronald Neame
5189,Barbara Peeters
5197,Ron Maxwell
5198,John Mackenzie
5202,Alain Resnais
5205,Kevin Connor
5209,Andrew V. McLaglen
5212,Eric Karson
5213,Gilbert Cates
5214,Carl Reiner
5219,Paul W.S. Anderson
5220,Tom Dey
5221,Élie Chouraqui
5222,Charles Herman-Wurmfeld
5224,B.Z. Goldberg
5225,Alfonso Cuarón
5226,Michael Chapman
5231,David Butler
5237,Harold Becker
5238,John Sayles
5239,Jack Hazan
5240,Paul Glickler
5241,Jay Sandrich
5244,Robert Houston
5246,Hal Needham
5247,Hal Needham
5248,Dick Lowry
5250,Sidney Poitier
5254,Guillermo del Toro
5255,Wallace Wolodarsky
5256,Pete Jones
5258,David Gordon Green
5264,Jonathan Frakes
5265,Danny DeVito
5266,David Fincher
5267,John Lee Hancock
5268,Hal Hartley
5269,Michael Haneke
5272,Laurent Cantet
5275,Martin Scorsese
5278,James Frawley
5279,James Lapine
5282,Carl Franklin
5283,Walt Becker
5284,John McKay
5285,Peter Cattaneo
5288,Jayne Loader
5291,Akira Kurosawa
5292,George Roy Hill
5293,Roger Michell
5294,Bill Paxton
5296,Roger Kumble
5297,Peter Bogdanovich
5298,Michel Gondry
5299,Joel Zwick
5300,Delmer Daves
5303,John Patrick Shanley
5304,Not available
5307,Arthur Hiller
5308,Leonard Nimoy
5309,Emile Ardolino
5311,John Hough
5312,Barbet Schroeder
5313,Chuck Russell
5316,Michael Apted
5319,Not available
5321,Clare Peploe
5322,Bart Freundlich
5323,Michelle Palmer
5324,Stephen Herek
5325,Stacy Peralta
5328,Robert J. Wilson
5329,D.J. Caruso
5333,Jean-Pierre Melville
5334,Roger Donaldson
5337,Tom Mankiewicz
5338,Peter Masterson
5339,Woody Allen
5341,Bob Fosse
5345,Robert M. Young
5346,Zalman King
5347,Scott Kalvert
5348,Woody Allen
5349,Sam Raimi
5353,Milton Katselas
5356,Bill Rebane
5357,Charles Haid
5358,Bob Rafelson
5361,Randal Kleiser
5363,Ed Decter
5364,Adrian Lyne
5365,Not available
5372,David Butler
5373,Mikhail Kalatozov
5375,George Sidney
5377,Chris Weitz
5378,George Lucas
5379,Henry Bean
5380,Oliver Parker
5382,James Fargo
5384,Robert Wise
5385,Martin Scorsese
5387,Michael Apted
5388,Christopher Nolan
5389,Kelly Asbury
5390,Roman Coppola
5391,Jill Sprecher
5397,Howard Hawks
5398,Ralph Nelson
5400,Phil Alden Robinson
5401,Malcolm D. Lee
5404,David Hugh Jones
5409,Dwight H. Little
5410,Douglas Trumbull
5414,Joel Schumacher
5415,Callie Khouri
5416,Finn Taylor
5417,Zacharias Kunuk
5418,Doug Liman
5419,Raja Gosnell
5420,John Woo
5421,Peter Care
5422,Alan Taylor
5423,Paul McGuigan
5424,James Toback
5425,Jan Sverák
5427,Carl Gottlieb
5428,Contact info
5433,Daniel Attias
5434,Anatole Litvak
5435,Martin Ritt
5437,Marshall Brickman
5438,Emilio Estevez
5440,John Ford
5442,Jeff Kanew
5443,Jesse Vaughan
5444,Contact info
5445,Steven Spielberg
5446,Phillip Noyce
5447,John Sayles
5448,Tuck Tucker
5449,Steven Brill
5450,Contact info
5451,Anthony Abrams
5452,Tom Ropelewski
5454,Peter MacDonald
5455,Michael Lindsay-Hogg
5456,Peter Markle
5458,John Schultz
5459,Not available
5460,Craig McCracken
5461,Sandra Goldbacher
5462,John Stainton
5463,Rob Bowman
5464,Sam Mendes
5465,Not available
5466,Not available
5468,Nathan Juran
5470,Anthony Asquith
5471,James Bridges
5472,Peter H. Hunt
5475,Costa-Gavras
5476,Rick Rosenthal
5477,Julio Medem
5478,Ellory Elkayem
5479,Kathryn Bigelow
5480,Rob Minkoff
5481,Jay Roach
5483,Nanette Burstein
5485,Gary Winick
5486,Chris Ver Wiel
5489,Werner Herzog
5490,James Frawley
5493,Gordon Douglas
5497,Daniel Mann
5498,Not available
5499,Richard Lester
5500,Jim Abrahams
5501,Perry Andelin Blake
5502,M. Night Shyamalan
5503,Not available
5504,Robert Rodriguez
5505,Miguel Arteta
5506,Clint Eastwood
5507,Rob Cohen
5508,Michael Winterbottom
5512,Not available
5513,David Raynr
5515,Not available
5521,Christopher Cain
5522,Norman Jewison
5523,Ron Underwood
5524,John Stockwell
5525,Sandra Nettelbeck
5527,Neil LaBute
5528,Mark Romanek
5529,Reginald Hudlin
5530,Andrew Niccol
5531,Walter Hill
5532,Julie Davis
5537,Raja Amari
5538,Arna Selznick
5539,Dale Schott
5540,Desmond Davis
5541,Jim Abrahams
5543,Irwin Allen
5544,Nicholas Meyer
5548,Paul Mazursky
5550,Robert D. Webb
5553,John Badham
5556,"October 16, 2024 (United Kingdom)"
5560,René Clair
5562,Rich Murray
5563,Michael Caton-Jones
5564,John Polson
5568,Amy Heckerling
5569,Wes Craven
5570,Alejandro Amenábar
5572,Tim Story
5573,Bruce McCulloch
5574,Louis Leterrier
5575,Claude Miller
5577,Burr Steers
5580,Patrick Hasburgh
5581,Alan Alda
5582,Thom Eberhardt
5584,John R. Cherry III
5585,John R. Cherry III
5588,Wes Craven
5589,Mike Binder
5590,Michael Campus
5591,Franco Amurri
5596,Patrick Read Johnson
5597,Burt Kennedy
5601,Clarence Brown
5602,Alexander Mackendrick
5603,Charles Crichton
5604,Alexander Mackendrick
5607,Juan José Campanella
5608,Oliver Hirschbiegel
5609,Wych Kaosayananda
5610,Bob Dolman
5611,Shekhar Kapur
5612,Luis Mandoki
5613,François Ozon
5614,Not available
5615,Werner Herzog
5617,Steven Shainberg
5618,Hayao Miyazaki
5619,Eugene Jarecki
5620,Andy Tennant
5621,Kevin Donovan
5625,Brad Silberling
5628,Gérard Krawczyk
5629,Phil Vischer
5630,Brett Ratner
5632,Paul Greengrass
5633,Tom Tykwer
5635,George Hickenlooper
5636,Anthony Russo
5637,John Duigan
5638,Not available
5640,Gary Leva
5643,Godfrey Reggio
5644,Sam Wood
5646,Milos Forman
5649,Terence Fisher
5650,Rick Moranis
5651,Arthur Lubin
5657,Franco Amurri
5663,David Twohy
5664,Rick Famuyiwa
5665,Brian Koppelman
5666,Roger Avary
5667,Jay Russell
5668,Peter Kosminsky
5669,Michael Moore
5670,Christian Charles
5672,Kunihiko Yuyama
5673,Paul Thomas Anderson
5675,Guy Ritchie
5678,Ronny Yu
5679,Gore Verbinski
5680,Paul Schrader
5682,Tim Blake Nelson
5684,Godfrey Reggio
5685,Patricia Cardoso
5688,Hilary Birmingham
5689,Robert Benton
5690,Mattias Olsson
5693,John Badham
5694,Sylvester Stallone
5696,James Bridges
5699,William Wiard
5700,Alberto De Martino
5704,Greydon Clark
5706,Patrick O'Riley
5707,Sydney Pollack
5710,Steno
5712,Brian De Palma
5720,Not available
5721,Jeremy Kagan
5723,Michael Apted
5733,Not available
5735,John Alan Schwartz
5736,John Alan Schwartz
5741,Not available
5742,Ronald Neame
5745,Patrick O'Riley
5746,Bruce D. Clark
5747,Peter Weir
5749,John Irvin
5752,"May 5, 2021 (United Kingdom)"
5755,J. Lee Thompson
5764,Michael Crichton
5767,Stanislaw Bareja
5768,Ken Shapiro
5771,George Mihalka
5772,Louis Malle
5773,John G. Avildsen
5779,James Cameron
5780,John Waters
5782,Georges Lautner
5784,Steve Beck
5785,Jeff Tremaine
5786,Charles Stone III
5787,Jonathan Demme
5788,"March 16, 2020 (United Kingdom)"
5791,Julie Taymor
5792,Dylan Kidd
5796,Val Guest
5797,Neil Jordan
5799,Otto Preminger
5801,Norman Jewison
5802,George Roy Hill
5803,Betty Thomas
5804,Michael Lembeck
5809,Brian De Palma
5810,Curtis Hanson
5812,Todd Haynes
5816,Chris Columbus
5817,Atom Egoyan
5818,Carlos Carrera
5820,Paul Justman
5826,John Ford
5828,Steven Vidler
5829,Paul Gross
5833,Neil Marshall
5836,Melville Shavelson
5838,Claude Chabrol
5839,Not available
5840,Not available
5841,William A. Graham
5843,Daniel Petrie Jr.
5847,Milos Forman
5849,Not available
5853,David Cronenberg
5856,Emir Kusturica
5863,Gus Trikonis
5867,Michael Mann
5872,Lee Tamahori
5873,Michael Hoffman
5874,Marcus Raboy
5875,Rebecca Miller
5876,Phillip Noyce
5878,Pedro Almodóvar
5879,Seth Kearsley
5880,Christian Duguay
5881,Steven Soderbergh
5882,Ron Clements
5883,Robert Harmon
5884,"May 19, 2021 (United Kingdom)"
5888,Aleksey Balabanov
5889,Eldar Ryazanov
5890,Petter Næss
5891,Meir Zarchi
5893,John Dahl
5896,Allan Moyle
5899,Cy Endfield
5900,Harold Ramis
5901,Franc. Reyes
5902,Spike Jonze
5903,Kurt Wimmer
5909,Takashi Miike
5912,Juliusz Machulski
5915,John Huston
5919,Aaron Lipstadt
5922,Franco Castellano
5925,Philippe Mora
5927,Colin Higgins
5929,Claude Pinoteau
5932,"July 7, 2023 (United Kingdom)"
5938,Sidney Lumet
5941,Charles Stone III
5942,Tom Brady
5943,Wayne Wang
5944,Stuart Baird
5945,Alexander Payne
5947,Bruce Beresford
5949,Juan Carlos Fresnadillo
5951,Lynne Ramsay
5952,Peter Jackson
5953,Wen Jiang
5954,Spike Lee
5955,Denzel Washington
5956,Martin Scorsese
5957,Marc Lawrence
5959,Joe Carnahan
5961,Kathryn Bigelow
5962,Uli Edel
5963,William Wyler
5965,Ridley Scott
5968,George Armitage
5969,Howard Zieff
5970,Howard Zieff
5971,Hayao Miyazaki
5974,Ludwig Berger
5975,King Vidor
5979,Roger Corman
5980,Bob Clark
5984,Just Jaeckin
5986,John Huston
5988,Thomas Michael Donnelly
5989,Steven Spielberg
5990,Roberto Benigni
5991,Rob Marshall
5992,Stephen Daldry
5994,Douglas McGrath
5995,Roman Polanski
5999,Michael Coldewey
6001,Dick Ebert
6002,Todd Louiso
6003,George Clooney
6005,C.B. Harding
6006,Shawn Levy
6009,Takashi Miike
6012,Chris Koch
6013,David McNally
6014,Dennis Dugan
6016,Fernando Meirelles
6020,George Stevens
6021,Wim Wenders
6022,Edward James Olmos
6023,Jean-Luc Godard
6025,Tamra Davis
6027,Nancy Savoca
6030,Amy Sherman-Palladino
6031,Douglas Sirk
6035,Julien Duvivier
6036,David Greenwalt
6039,Gene Wilder
6040,Jonathan Liebesman
6041,Costa-Gavras
6042,André Heller
6049,John Madden
6051,"June 22, 2023 (United Kingdom)"
6055,Leon Ichaso
6057,Reggie Rock Bythewood
6058,David R. Ellis
6059,Roger Donaldson
6060,Daisy von Scherler Mayer
6062,Keith Fulton
6063,Lucky McKee
6064,Mark Robson
6067,Thaddeus O'Sullivan
6070,Ryû Murakami
6078,Clint Eastwood
6086,Richard T. Heffron
6090,Robert Mulligan
6093,Jules Bass
6095,Not available
6100,Woody Allen
6101,Costa-Gavras
6104,Terry Hughes
6107,Not available
6111,Stuart Gillard
6116,Ken Annakin
6119,Jean-Marie Poiré
6122,Joe Layton
6123,"July 11, 2023 (United States)"
6124,Pierre De Moro
6125,Julien Temple
6140,Dario Argento
6141,Not available
6143,Blake Edwards
6145,Kelly Marcel
6148,Samuel Fuller
6153,Robert J. Rosenthal
6155,Donald Petrie
6156,David Dobkin
6157,Mark Steven Johnson
6158,Steve Trenbirth
6159,David Gordon Green
6162,Gus Van Sant
6163,Not available
6166,Nick Castle
6169,Robert Dalva
6170,Carroll Ballard
6178,Guy Green
6181,John Huston
6182,Norman Jewison
6183,Michael Gordon
6184,Nicolas Roeg
6185,Ron Shelton
6186,Ron Maxwell
6187,Alan Parker
6188,Todd Phillips
6192,Susanne Bier
6193,Mars Callahan
6195,Mark Moskowitz
6196,Andrzej Bartkowiak
6197,Sam Raimi
6201,Trevor Nunn
6202,Not available
6203,Mel Brooks
6204,Phoenix West
6210,Not available
6212,Adam Shankman
6213,Antoine Fuqua
6214,Gaspar Noé
6215,Lisa Cholodenko
6216,Caroline Link
6217,Rose Troche
6218,Gurinder Chadha
6219,William Friedkin
6220,Glen Morgan
6222,Erik Skjoldbjærg
6223,J.B. Rogers
6225,Nicholas Ray
6228,George Stevens
6232,James Hill
6234,Sidney Lumet
6235,Solomon Perel
6237,Anthony Mann
6238,Peter Weir
6239,Henry Levin
6241,Éric Rohmer
6242,Hideo Nakata
6244,Mira Nair
6245,Bob Fosse
6246,Robert M. Young
6249,Brian Klein
6250,Lawrence Kasdan
6251,Francis Glebas
6252,Bruno Barreto
6254,Leo McCarey
6263,John McTiernan
6264,Jon Amiel
6265,Chris Rock
6266,Dennie Gordon
6267,Robert Duvall
6268,Peter Sollett
6269,Steve James
6270,"March 29, 2022 (United Kingdom)"
6271,François Truffaut
6273,Nicholas Ray
6279,Neil Jordan
6280,F. Gary Gray
6281,Joel Schumacher
6283,Shin'ichirô Watanabe
6285,Ed Solomon
6286,Not available
6287,Peter Segal
6288,Justin Lin
6289,James Cameron
6290,Rob Zombie
6291,Lukas Moodysson
6294,Paul Hunter
6295,Linda Mendoza
6296,Christopher Guest
6297,Andrew Davis
6298,John Whitesell
6299,Jacques Perrin
6300,Not available
6301,Sam Peckinpah
6302,Bert I. Gordon
6303,Robert Wise
6305,François Truffaut
6306,Sam Jones
6308,Ivan Reitman
6310,Henry Winkler
6313,Carl Reiner
6314,Herbert Ross
6315,Michael Ritchie
6316,Sidney Lumet
6319,Not available
6320,Paul Mazursky
6322,James Foley
6323,James Mangold
6324,Fred Schepisi
6327,Ted Demme
6329,Jordan Melamed
6330,Daniel Algrant
6331,Jeffrey Blitz
6332,Jim Fall
6333,Bryan Singer
6334,Karen Moncrieff
6335,John Malkovich
6336,Bahman Ghobadi
6337,Richard Kwietniowski
6338,Steve Carr
6339,Not available
6341,Neil LaBute
6342,Miles Swain
6344,Baltasar Kormákur
6345,Richard Attenborough
6347,Stan Lathan
6348,Sam Firstenberg
6349,Joel Silberg
6350,Darren Mooney
6357,Charles Walters
6358,George Sidney
6365,Lana Wachowski
6367,Peyton Reed
6368,Angela Christlieb
6370,Cédric Klapisch
6371,Jim Malone
6373,Tom Shadyac
6374,Andrew Fleming
6375,AJ Schnack
6376,Emanuele Crialese
6377,Andrew Stanton
6378,F. Gary Gray
6379,Rob Schmidt
6380,Andrew Jarecki
6382,Not available
6383,John Singleton
6385,Niki Caro
6386,Henry Hathaway
6387,John Woo
6390,Rouben Mamoulian
6395,George A. Romero
6400,Not available
6402,John Polson
6405,Byron Haskin
6407,Charles Walters
6408,Jamie Uys
6410,Michael Schultz
6412,George Marshall
6415,Federico Fellini
6417,Christian Duguay
6422,Andrew V. McLaglen
6424,John Landis
6425,Randall Miller
6427,Lionel Jeffries
6428,Don Siegel
6429,Anthony Mann
6433,Not available
6434,Raoul Walsh
6436,Michael Caton-Jones
6440,Joel Coen
6442,Fernando Trueba
6448,Robert Aldrich
6449,Mark Robson
6452,Martin Ritt
6453,Robert J. Flaherty
6460,Ron Howard
6461,John Huston
6464,Brian Robbins
6465,Ronald Herdman
6466,Mira Nair
6476,Wolfgang Petersen
6477,Henry King
6480,George Roy Hill
6482,Troy Miller
6483,Robert Iscove
6484,Ron Shelton
6493,Rob Reiner
6502,Danny Boyle
6503,McG
6506,Johnnie To
6509,Not available
6510,Michael Steinberg
6514,"September 14, 2021 (United Kingdom)"
6515,Fritz Lang
6516,Anatole Litvak
6517,Arthur Hiller
6523,Fred Schepisi
6527,George Sidney
6528,Bud Yorkin
6530,"October 10, 2017 (United Kingdom)"
6533,Peter Bogdanovich
6534,Ang Lee
6535,Charles Herman-Wurmfeld
6536,Patrick Gilmore
6537,Jonathan Mostow
6538,François Ozon
6539,Gore Verbinski
6541,Stephen Norrington
6542,Not available
6545,Tim Fywell
6547,Michael Polish
6548,Michael Bay
6549,Clare Kilner
6550,Peter Howitt
6551,Jordan Susman
6552,Stephen Frears
6553,Not available
6554,Alex Proyas
6557,John Gray
6558,John Hughes
6559,Duwayne Dunham
6560,Bob Clark
6561,Jack Arnold
6563,Contact info
6564,Jan de Bont
6565,Gary Ross
6566,Joanne Service
6567,Gregor Jordan
6568,Todd Graff
6571,Fernando León de Aranoa
6572,Gavin Grazer
6573,Billy Wilder
6574,"December 19, 2022 (United Kingdom)"
6577,Albert Pyun
6578,Billy Wilder
6579,Billy Wilder
6581,Billy Wilder
6582,Guy Hamilton
6583,David Webb Peoples
6584,Woody Allen
6586,Jesse Dylan
6587,Martin Brest
6588,Claude Lelouch
6591,Peter Mullan
6592,Alan Rudolph
6593,Mark Waters
6595,Clark Johnson
6596,James Ivory
6597,Shinsuke Sato
6598,Dana Brown
6603,Maila Nurmi
6604,Pier Paolo Pasolini
6609,Not available
6611,Vittorio De Sica
6612,Joe Berlinger
6614,Lawrence Kasdan
6615,Ronny Yu
6616,Casey La Scala
6617,Kevin Costner
6618,Stephen Chow
6619,Boaz Yakin
6620,Shari Springer Berman
6624,Harald Zwart
6625,Jonathan Prince
6628,Peter Markle
6629,André De Toth
6631,John Lafia
6636,Rob Reiner
6638,Martha Coolidge
6639,Terence Young
6643,Yasujirô Ozu
6644,Éric Rohmer
6645,George Lucas
6650,Robert Hamer
6654,Aaron Krohn
6656,Bert I. Gordon
6658,Blake Edwards
6659,Ron Underwood
6660,Michael Powell
6662,Blake Edwards
6663,Blake Edwards
6664,Mark L. Lester
6665,John Badham
6666,Luis Buñuel
6667,William Gazecki
6668,Yimou Zhang
6669,Akira Kurosawa
6670,James Robinson
6671,Jane Campion
6678,Volker Schlöndorff
6679,J.T.S. Moore
6684,Not available
6686,Gordon Chan
6687,David Zucker
6688,Not available
6689,Efram Potelle
6691,Milcho Manchevski
6692,Helen Stickler
6695,Victor Salva
6696,Deepa Mehta
6699,Shane Meadows
6702,Sam Weisman
6705,Fenton Bailey
6706,István Szabó
6707,Eli Roth
6708,Ridley Scott
6709,Robert Rodriguez
6710,Greg Pritikin
6711,Sofia Coppola
6713,"November 14, 2022 (United Kingdom)"
6715,Tony Randel
6718,Jeff Kanew
6720,Bruce A. Evans
6721,Hark Tsui
6722,Not available
6723,Not available
6724,Peter Bogdanovich
6731,George A. Romero
6732,Gene Kelly
6734,John Carpenter
6744,Howard Storm
6746,Jeff Lieberman
6748,David Cronenberg
6751,Mike Figgis
6752,Jonathan Lynn
6753,Tim McCanlies
6754,Len Wiseman
6755,Don Coscarelli
6760,Michael Winterbottom
6763,Danny DeVito
6764,Peter Berg
6765,Audrey Wells
6768,Eric Till
6769,Émile Gaudreault
6770,Isabel Coixet
6772,Nicolas Philibert
6773,Sylvain Chomet
6774,David Cronenberg
6775,Stephanie Black
6776,Ashutosh Gowariker
6777,Stanley Kramer
6780,Errol Morris
6782,Aki Kaurismäki
6783,Jean Renoir
6785,Stanley Donen
6786,Hector Babenco
6787,Alan J. Pakula
6788,Martha Coolidge
6789,"September 30, 2023 (United States)"
6790,Mamoru Oshii
6791,Gabriel Axel
6793,Brian Levant
6794,Rod Daniel
6796,John Singleton
6797,Barry Levinson
6798,Alan Parker
6800,George P. Cosmatos
6803,Iain Triffitt
6804,Sam Raimi
6807,Iain Johnstone
6808,Brian G. Hutton
6809,Richard Tuggle
6810,Joseph Ruben
6811,Hart Bochner
6812,Clint Eastwood
6814,Richard Benjamin
6816,Phil Joanou
6817,Clint Eastwood
6818,Elem Klimov
6820,John Fawcett
6821,Bill Norton
6827,Adam Bernstein
6832,Mike Nichols
6835,Luigi Cozzi
6836,Edgar G. Ulmer
6837,Leo McCarey
6849,Ronald Neame
6850,"December 18, 2023 (United Kingdom)"
6851,Allison Anders
6852,Richard Brooks
6853,Ron Casden
6856,Michael Curtiz
6857,Not available
6858,Roman Polanski
6860,Michael Karbelnikoff
6862,Carl Franklin
6863,Richard Linklater
6867,Tom McCarthy
6868,James Cox
6869,José Padilha
6870,Clint Eastwood
6872,Uwe Boll
6873,Joel Coen
6874,Quentin Tarantino
6879,Gary Fleder
6880,Marcus Nispel
6881,Peter Hedges
6882,Not available
6883,Christine Jeffs
6884,Joel Schumacher
6885,Jane Campion
6886,Martin Campbell
6887,Michael Tollin
6888,David Zucker
6889,Aaron Blaise
6890,Gus Van Sant
6893,Peter Collinson
6898,Ken Loach
6899,Albert Pyun
6902,Bob Gale
6909,Not available
6911,Alfred E. Green
6912,Sidney Lanfield
6918,Satyajit Ray
6920,Jean-Pierre Melville
6927,Robert Benton
6932,Billy Ray
6934,Lana Wachowski
6935,Not available
6936,Jon Favreau
6938,Philip Boston
6939,Rolf Schübel
6942,Richard Curtis
6944,Charles Shyer
6945,"July 6, 2023 (United Kingdom)"
6946,Joe Dante
6947,Peter Weir
6948,Lauren Lazin
6949,Steve Anderson
6950,Ron Howard
6951,Bo Welch
6952,Mathieu Kassovitz
6953,Alejandro G. Iñárritu
6954,Denys Arcand
6957,Terry Zwigoff
6958,Rob Minkoff
6959,Richard Donner
6961,Sami Haavisto
6962,Scott Hamilton Kennedy
6963,Lucy Walker
6965,Alexandra Pelosi
6966,Sam Raimi
6967,Cody Jolly
6969,Luc Besson
6971,Lars von Trier
6973,Phil Joanou
6974,Andrew Bergman
6975,Michael Haneke
6978,Ron Underwood
6979,John Badham
6981,"March 14, 2023 (United States)"
6982,Not available
6983,Cary Joji Fukunaga
6984,Jack Conway
6985,Carl Theodor Dreyer
6986,Fred Niblo
6987,Robert Wiene
6989,Michael Apted
6990,Michael Crichton
6992,Hugh Wilson
6993,Woody Allen
6994,John Badham
6996,Russell Mulcahy
6997,Danny DeVito
6998,Beau Willimon
6999,Frank Oz
7000,Michael Lehmann
7001,Philip Kaufman
7004,Ivan Reitman
7005,David S. Ward
7007,Tony Scott
7008,Bernardo Bertolucci
7009,George Miller
7010,"April 13, 2022 (United Kingdom)"
7012,James Orr
7013,Charles Laughton
7015,Chris Columbus
7016,Menahem Golan
7017,Kevin Hooks
7018,Alan J. Pakula
7019,Jonathan Kaplan
7020,Jocelyn Moorhouse
7022,"May 31, 2020 (United Kingdom)"
7023,Ang Lee
7024,Pier Paolo Pasolini
7025,Keith Gordon
7026,Carl Reiner
7027,Lawrence Kasdan
7030,Richard Donner
7031,Russell Mulcahy
7032,Tony Scott
7033,Herbert Ross
7034,Lukas Moodysson
7036,Rod Daniel
7037,Not available
7038,Rodrigo García
7040,William Friedkin
7041,Phoenix West
7044,David Lynch
7045,Nicolas Roeg
7046,George Miller
7047,Michael Cimino
7048,Steve Oedekerk
7049,Thornton Freeland
7050,Mark Sandrich
7051,Clive Donner
7052,John Ford
7053,William A. Seiter
7054,Mervyn LeRoy
7056,William A. Wellman
7057,William Dieterle
7058,Michael Curtiz
7059,Clarence Brown
7060,Norman Jewison
7061,Edmund Goulding
7062,Phoenix West
7063,Werner Herzog
7064,Jean Cocteau
7065,D.W. Griffith
7067,Federico Fellini
7069,Joel Coen
7070,Howard Hawks
7071,John Cassavetes
7072,John Ford
7073,Blake Edwards
7074,Donald Crisp
7075,Melvin Frank
7076,Peter Yates
7078,William Wyler
7079,William Dieterle
7080,Lloyd Bacon
7082,Delbert Mann
7083,Karel Reisz
7084,Herbert Ross
7085,Norman Jewison
7086,Anthony Asquith
7087,David Lean
7088,"March 21, 2021 (United Kingdom)"
7089,Federico Fellini
7090,"May 10, 2024 (United Kingdom)"
7091,Norman Z. McLeod
7092,Clarence Brown
7093,Billy Wilder
7096,Thomas Riedelsheimer
7099,Not available
7101,Michael Caton-Jones
7102,Tom Mankiewicz
7103,Tom Ropelewski
7104,Rob Boor
7107,Colin Higgins
7108,Kirk Wong
7109,Not available
7114,William Wyler
7115,Keith Chawgo
7116,Henri-Georges Clouzot
7117,Mark Jones
7118,Hiroyuki Yamaga
7121,George Cukor
7122,Philippe de Broca
7123,David Cronenberg
7124,Ron Mann
7125,Tom Gilroy
7127,Geoff Burrowes
7131,Delmer Daves
7132,Sam Wood
7134,Lars von Trier
7137,Wayne Kramer
7139,Jim Sheridan
7141,Jonathan Karsh
7142,Bille Woodruff
7143,Edward Zwick
7147,Tim Burton
7149,Nancy Meyers
7150,Bobby Farrelly
7151,Peter Webber
7153,Peter Jackson
7154,Mike Newell
7155,Nigel Cole
7156,Errol Morris
7158,Vadim Perelman
7160,Patty Jenkins
7161,Shawn Levy
7162,Anthony Minghella
7163,John Woo
7164,P.J. Hogan
7165,Robert Altman
7167,Sue Brooks
7169,Andy Cadiff
7171,Nick Broomfield
7173,John Hamburg
7175,Joseph Kahn
7176,Not available
7177,Siddiq Barmak
7178,Jack Clayton
7179,Peter Kosminsky
7181,Stanley Kramer
7184,Sydney Pollack
7190,Delbert Mann
7191,Mark Herman
7192,Sheldon Lettich
7193,Renny Harlin
7202,Brian Yuzna
7205,John Milius
7206,Not available
7208,Victor Fleming
7209,Not available
7211,Joseph L. Mankiewicz
7212,Howard Hawks
7215,Howard Hawks
7216,Raoul Walsh
7217,Delmer Daves
7218,"February 28, 2024 (United Kingdom)"
7219,Raoul Walsh
7222,Bart Everson
7223,Usmar Ismail
7225,George Butler
7228,Ralph Bakshi
7234,Federico Fellini
7235,Takashi Miike
7236,L.Q. Jones
7238,Andrzej Wajda
7243,D.W. Griffith
7245,Bert I. Gordon
7247,Ken Hughes
7248,Chatrichalerm Yukol
7251,Marc Rocco
7254,Eric Bress
7255,Robert Luketic
7256,Kevin Macdonald
7257,George Armitage
7258,Brian Robbins
7259,Chris Stokes
7260,C. Jay Cox
7261,Kevin Rodney Sullivan
7262,Bart Freundlich
7263,Gavin O'Connor
7264,Lucas Belvaux
7265,Bernardo Bertolucci
7266,Larry Blamire
7282,Dale Resteghini
7285,Catherine Hardwicke
7292,Willard Huyck
7293,Peter Segal
7294,Donald Petrie
7297,Bent Hamer
7299,François Dupeyron
7301,Not available
7302,Raoul Walsh
7303,George Stevens
7304,Bruno Bozzetto
7305,Bob Rafelson
7306,Not available
7307,Paul Verhoeven
7308,J. Lee Thompson
7310,John Irvin
7311,Sam Wood
7312,Norman Tokar
7315,Charles S. Dutton
7316,Sara Sugarman
7317,Jeff Schaffer
7318,Mel Gibson
7319,Jay Chandrasekhar
7320,Guy Ferland
7321,Philip Kaufman
7323,Wolfgang Becker
7324,Joe Johnston
7325,Todd Phillips
7326,Jon Rafman
7327,Ingmar Bergman
7328,Ingmar Bergman
7333,"March 2, 2021 (United Kingdom)"
7335,Samuel Fuller
7336,Luchino Visconti
7340,Lisa Gottlieb
7344,Cliff Owen
7345,Kevin Allen
7346,Luke Greenfield
7347,David Koepp
7348,David Mamet
7349,Not available
7352,Lone Scherfig
7354,John McNaughton
7357,Mark Robson
7360,Zack Snyder
7361,Michel Gondry
7362,D.J. Caruso
7364,John Crowley
7366,Kevin Smith
7367,Ethan Coen
7368,Ernest R. Dickerson
7369,Raja Gosnell
7371,Lars von Trier
7372,Gregor Jordan
7373,Guillermo del Toro
7375,Apple Music
7376,Kevin Bray
7377,Matthew Ryan Hoge
7379,John Lee Hancock
7380,Tommy O'Haver
7381,Howard Deutch
7382,Gabriele Salvatores
7386,Cecil B. DeMille
7387,George A. Romero
7390,Alex Steyermark
7394,Ken Annakin
7395,Walter Lang
7396,Not available
7411,Tina Hirsch
7414,Martin Brest
7419,Martin Scorsese
7438,Quentin Tarantino
7439,Jonathan Hensleigh
7440,Elliot Berlin
7443,Michael Almereyda
7444,Gary Winick
7445,Tony Scott
7448,Barry Levinson
7449,Frank M. Calo
7450,Peter Howitt
7451,Mark Waters
7454,Stephen Sommers
7455,Michael Burke
7457,Daniel Taplitz
7458,Wolfgang Petersen
7459,Hector Babenco
7460,Jim Jarmusch
7477,"June 16, 2020 (United Kingdom)"
7479,Herman Shumlin
7481,Wolfgang Petersen
7482,Robert Clouse
7486,Not available
7487,Contact info
7492,George A. Romero
7493,Nunnally Johnson
7541,Michael Davis
7560,Sidney Lumet
7561,Bernard Rose
7562,Jan Kounen
7564,Masaki Kobayashi
7566,"August 13, 2018 (United Kingdom)"
7569,Lewis Gilbert
7570,John Glen
7572,Mike Nichols
7573,Irvin Kershner
7579,Joe Wright
7581,King Vidor
7584,George Stevens
7587,David R.L.
7614,Fred Zinnemann
7615,Donna Deitch
7616,Brian De Palma
7618,Richard Attenborough
7619,Arthur Penn
7620,Nick Broomfield
7624,Robert Mandel
7636,Brian De Palma
7646,Nancy Travis
7647,Peter Bogdanovich
7649,Michael Vejar
7650,September 2013 (United States)
7657,Ryûhei Kitamura
7669,Colin Firth
7698,James Bridges
7700,Henri-Georges Clouzot
7701,Amy Heckerling
7702,Leo McCarey
7704,Menahem Golan
7705,George Cukor
7706,Victor Heerman
7707,Ken Kwapis
7708,Stanley Donen
7713,Jacques Tourneur
7714,Joshua Logan
7716,"February 1, 2024 (United Kingdom)"
7720,Richard Lester
7727,Herbert Ross
7728,Tay Garnett
7730,Joe Dante
7742,Jérôme Boivin
7743,Joe Dante
7745,Not available
7748,Jean-Luc Godard
7749,Jean-Luc Godard
7753,Mick Jackson
7756,Sergei Eisenstein
7757,Don Chaffey
7762,Alec Guinness
7766,Akira Kurosawa
7767,Marco Tullio Giordana
7772,Vincente Minnelli
7773,Guy Ferland
7781,Lee Isaac Chung
7782,Luis Llosa
7786,Roko Belic
7789,Alejandro G. Iñárritu
7792,Alan J. Pakula
7802,Walter Hill
7810,Michael Vejar
7811,Janet Greek
7812,Jesús Salvador Treviño
7815,David Byrne
7820,Ingmar Bergman
7822,John Ford
7826,Norman Z. McLeod
7831,W.S. Van Dyke
7832,Richard Thorpe
7833,W.S. Van Dyke
7834,W.S. Van Dyke
7835,Edward Buzzell
7839,Jack Conway
7840,George Stevens
7841,Alec Newman
7842,William Hurt
7843,Christian Zübert
7844,Corey Yuen
7845,S.S. Wilson
7846,Brent Maddock
7879,Lorene Machado
7882,John Gilling
7883,Jacques Tourneur
7884,Bruce McDonald
7888,David Swift
7889,Sam Peckinpah
7891,Not available
7894,Sergio Leone
7895,Sam Peckinpah
7896,Sam Peckinpah
7899,Jimmy Wang Yu
7900,Terence Fisher
7916,Paul Wendkos
7920,John Waters
7924,Not available
7925,Akira Kurosawa
7926,"April 8, 2024 (United Kingdom)"
7930,Wes Craven
7932,Marc Singer
7934,Woody Allen
7936,Steve Jodrell
7937,Kristina Lindström
7938,Not available
7939,Ingmar Bergman
7940,Ingmar Bergman
7943,Robert Siodmak
7944,John Huston
7951,Clive Barker
7976,Larry Clark
7979,D.A. Pennebaker
7980,Richard Attenborough
7981,Wai Keung Lau
7982,Kim Jee-woon
7983,Woody Allen
7984,Stuart Gordon
7986,Charles Band
7987,"March 27, 2012 (United Kingdom)"
7988,Stuart Gordon
7991,"January 9, 2023 (United Kingdom)"
7993,Roger Corman
8008,Vincente Minnelli
8010,John G. Avildsen
8011,Sam Green
8012,Takeshi Kitano
8014,Not available
8015,Chuck Jones
8016,Sam Peckinpah
8019,Hideo Nakata
8024,Peter Bogdanovich
8025,Pavel Chukhray
8033,William Wyler
8035,Dario Argento
8042,Martin Scorsese
8043,Marshall Herskovitz
8044,Mervyn LeRoy
8045,John Irvin
8057,Richard Brooks
8092,Roger Corman
8093,Kang Je-kyu
8094,John Sturges
8117,Not available
8118,Aaron Norris
8119,Walter Hill
8121,Not available
8125,F.W. Murnau
8126,Samuel Fuller
8128,Louis Malle
8131,John Putch
8132,Rowdy Herrington
8136,Jack Pollexfen
8137,Benjamin Keagle
8138,Bernard L. Kowalski
8142,Takashi Miike
8143,Max Ophüls
8147,Ralph Nelson
8153,Vincente Minnelli
8154,Federico Fellini
8157,Kenji Kamiyama
8158,Lili Fini Zanuck
8167,Michael Curtiz
8169,Matthew Robbins
8183,Lewis Gilbert
8188,Kenji Mizoguchi
8189,Louis Malle
8190,Arthur Hiller
8191,Charles Jarrott
8195,Dmitriy Babichenko
8196,Russ Meyer
8197,Alain Resnais
8199,Kenji Mizoguchi
8207,Fred Zinnemann
8225,Tom Savini
8228,Not available
8232,W.S. Van Dyke
8235,Fred C. Newmeyer
8236,Fritz Lang
8238,Alan Arkin
8239,Luis Buñuel
8241,Roger Christian
8253,Not available
8254,Emir Kusturica
8261,Robert Altman
8264,Ellen Hovde
8266,Albert Magnoli
8268,John Badham
8270,Patrice Leconte
8275,James W. Horne
8290,Andrew V. McLaglen
8293,Beeban Kidron
8302,"March 21, 2016 (United States)"
8327,Takeshi Kitano
8331,William Keighley
8335,Leo McCarey
8336,Billy Wilder
8337,Edward Dmytryk
8338,Michael Powell
8340,Don Siegel
8341,David Lean
8360,Andrew Adamson
8361,Roland Emmerich
8362,Garry Marshall
8363,Jessy Terrero
8364,Mario Van Peebles
8366,Brian Dannelly
8368,Alfonso Cuarón
8369,Renny Harlin
8370,Takeshi Kitano
8371,David Twohy
8372,Peter Hewitt
8373,Frank Oz
8375,Nickolas Perry
8376,Jared Hess
8378,Randa Haines
8379,Peter Yates
8380,Darrell Roodt
8382,Frank Perry
8383,Mark Herman
8385,Delbert Mann
8387,Alan Metter
8391,John Milius
8402,Robert Shaye
8405,Ingmar Bergman
8410,Lewis Allen
8424,Robert Z. Leonard
8425,Michael Lehmann
8426,"May 24, 2024 (United Kingdom)"
8427,Neal Israel
8446,Allan Dwan
8447,"November 23, 2021 (United Kingdom)"
8450,Mervyn LeRoy
8451,Richard Brooks
8454,Bakhtyar Khudojnazarov
8456,Elio Petri
8458,Mitchell Leisen
8459,William Wyler
8461,Harold S. Bucquet
8462,Robert Wise
8463,Jean Negulesco
8464,Morgan Spurlock
8465,Mervyn LeRoy
8477,Chris Marker
8481,King Vidor
8482,Albert Lewin
8484,Masaki Kobayashi
8487,Charles Walters
8491,Raoul Walsh
8492,"December 18, 2021 (United Kingdom)"
8493,Michael Caton-Jones
8494,Norman Jewison
8495,Steve Buscemi
8500,Not available
8501,Robert Harmon
8502,George Sidney
8506,Nicolas Winding Refn
8507,Tod Browning
8511,Charles Chaplin
8512,Mel Brooks
8518,Clarence Brown
8521,Rouben Mamoulian
8526,Frank Coraci
8528,Rawson Marshall Thurber
8529,Steven Spielberg
8530,Shona Auerbach
8531,Keenen Ivory Wayans
8532,Tod Williams
8533,Nick Cassavetes
8534,Claude Pierre
8535,Irwin Winkler
8542,Sam Wood
8571,Contact info
8574,Will Vinton
8575,Laurent Firode
8577,Oliver Stone
8578,Michael Spierig
8580,Rob Marshall
8581,Martyn Burke
8582,Mark Achbar
8587,George Hickenlooper
8588,Kaige Chen
8591,Stewart Raffill
8593,Ernest R. Dickerson
8596,Blake Edwards
8600,Michael Curtiz
8601,Jean Vigo
8604,Gérard Pirès
8605,Gérard Krawczyk
8607,Shôgo Furuya
8609,John G. Blystone
8610,Carl Reiner
8611,H.C. Potter
8614,Garry Marshall
8617,Daniel Mann
8620,Luis Buñuel
8622,Michael Moore
8623,Fred Schepisi
8626,Freddie Francis
8632,Jason Hreno
8633,Nick Castle
8636,Sam Raimi
8638,Richard Linklater
8640,Antoine Fuqua
8641,Adam McKay
8643,Mark Rosman
8644,Alex Proyas
8645,Joshua Marston
8650,Sidney Lumet
8656,Krzysztof Kieslowski
8665,Paul Greengrass
8666,Pitof
8667,Michael Mayer
8670,Fritz Lang
8677,Ford Beebe
8684,Robert Bresson
8685,Ladislao Vajda
8690,George Roy Hill
8695,Irving Reis
8711,H.C. Potter
8712,Garson Kanin
8713,Ken Annakin
8718,Andrea Berting
8720,Rod Daniel
8724,"February 22, 2022 (United Kingdom)"
8727,John Schlesinger
8730,David L. Cunningham
8738,Jean-Luc Godard
8743,John Hough
8748,Not available
8753,Richard Ray Perez
8754,Ronald Neame
8755,Not available
8765,Frank Tuttle
8771,Roy William Neill
8772,Martin Ritt
8773,Roy William Neill
8774,Roy William Neill
8778,Roy William Neill
8781,Jonathan Demme
8782,Jonathan Frakes
8783,M. Night Shyamalan
8784,Zach Braff
8795,Kim Sung-su
8796,Richard Lester
8798,Michael Mann
8799,Nick Hurran
8800,Michael Winterbottom
8804,Claude Chabrol
8807,Danny Leiner
8808,Garry Marshall
8809,Jeff Balsmeyer
8810,Paul W.S. Anderson
8813,John Curran
8814,Steven Brill
8815,Renny Harlin
8827,Bill Cosby
8830,Dwight H. Little
8831,E. Elias Merhige
8832,Not available
8833,Mira Nair
8835,Paul Abascal
8836,Paul McGuigan
8838,Martin Scorsese
8840,Martin Scorsese
8844,Not available
8848,Not available
8860,David R. Ellis
8861,Alexander Witt
8864,Charles Stone III
8865,Kerry Conran
8866,Richard Loncraine
8869,Forest Whitaker
8870,Joseph Ruben
8873,Walter Salles
8874,Edgar Wright
8875,Daniel Mann
8879,Sidney Lumet
8880,Peter Bogdanovich
8894,"July 5, 2024 (United Kingdom)"
8905,Ridley Scott
8906,Ruggero Deodato
8907,Bibo Bergeron
8908,Jay Russell
8910,David O. Russell
8911,Sean McNamara
8912,Tim Story
8914,Shane Carruth
8915,Richard Eyre
8916,Peter Chelsom
8917,Trey Parker
8918,Michael Clancy
8919,Dylan Kidd
8920,George Seaton
8921,Daniel Mann
8928,Michael Mindlin Jr.
8933,Denys Arcand
8934,Bruce W. Smith
8937,Peter Berg
8938,Jonathan Caouette
8939,Omar Naim
8943,István Szabó
8946,Mike Mitchell
8947,Takashi Shimizu
8948,Charles Shyer
8949,Alexander Payne
8950,Brad Anderson
8951,Mike Leigh
8952,Scott Smith
8954,Antoine Fuqua
8955,David Gordon Green
8957,James Wan
8958,Taylor Hackford
8959,Jonathan Glazer
8961,Brad Bird
8964,Franco Zeffirelli
8965,Robert Zemeckis
8966,Bill Condon
8967,Don Mancini
8968,Brett Ratner
8969,Beeban Kidron
8970,Marc Forster
8972,Jon Turteltaub
8973,Pedro Almodóvar
8974,Stephen Hillenburg
8977,Oliver Stone
8978,Joe Roth
8979,Robert Stone
8981,Mike Nichols
8982,Paul Feig
8983,Not available
8984,Steven Soderbergh
8985,David S. Goyer
8987,Joseph Mealey
8989,George Abbott
8998,Jack Haley Jr.
9004,Simon Wincer
9005,Robert Lieberman
9008,Joe May
9010,Yann Samuell
9018,Jehane Noujaim
25746,Wallace Worsley
25750,Buster Keaton
25752,Fred C. Newmeyer
25753,Erich von Stroheim
25757,"March 22, 2023 (United States)"
25769,Charles Reisner
25771,Luis Buñuel
25773,Mervyn LeRoy
25782,Jean Renoir
25788,Howard Hawks
25795,George Cukor
25797,Mervyn LeRoy
25805,Jean Vigo
25825,Fritz Lang
25826,Jack Conway
25827,Frank Capra
25833,George Cukor
25834,Victor Fleming
25841,Gregory La Cava
25850,George Cukor
25855,Raoul Walsh
25856,William Wyler
25865,William Wyler
25870,Alexander Hall
25886,Mervyn LeRoy
25887,Julien Duvivier
25898,Carl Theodor Dreyer
25905,"May 16, 2024 (United States)"
25906,Vincent Sherman
25923,David Lean
25927,Orson Welles
25937,Charles Walters
25940,Orson Welles
25946,George Sidney
25947,Preston Sturges
25952,Joseph L. Mankiewicz
25959,George Sidney
25962,Compton Bennett
25963,Luis Buñuel
25996,George Cukor
25999,Laslo Benedek
26002,Orson Welles
26003,Not available
26038,George Seaton
26048,Masaki Kobayashi
26052,Robert Bresson
26059,Not available
26073,Masaki Kobayashi
26078,Otto Preminger
26082,"November 15, 2022 (United States)"
26084,Morton DaCosta
26085,Lewis Milestone
26095,Not available
26116,Robert Aldrich
26122,Kaneto Shindô
26124,Byron Haskin
26131,Gillo Pontecorvo
26133,Bill Melendez
26142,Sam Peckinpah
26147,Fred Coe
26150,Not available
26151,Robert Bresson
26152,Lorenzo Semple Jr.
26158,Not available
26159,Seijun Suzuki
26169,"November 14, 2020 (United Kingdom)"
26171,Jacques Tati
26172,John Boorman
26176,Frederick Wiseman
26183,René Goscinny
26184,Not available
26195,Michael Lindsay-Hogg
26198,Melville Shavelson
26225,Éric Rohmer
26231,Donald Cammell
26236,Vladimir Motyl
26242,Steven Spielberg
26249,Enzo Barboni
26258,Alejandro Jodorowsky
26265,Robert Fuest
26283,Don Siegel
26285,John Carpenter
26303,Domenico Paolella
26308,Not available
26313,Robert Altman
26317,Just Jaeckin
26322,H.B. Halicki
26326,Alejandro Jodorowsky
26340,Not available
26344,John Frankenheimer
26347,Not available
26350,Not available
26357,Dan Curtis
26359,Not available
26365,Richard T. Heffron
26366,Barbara Kopple
26375,Arthur Hiller
26386,Mel Brooks
26391,Martin Scorsese
26394,Herbert Ross
26399,Cheh Chang
26401,John Woo
26409,Robert S. Fiveson
26413,Not available
26422,Milos Forman
26429,Stan Dragoti
26444,Simon Jones
26453,Alec Guinness
26464,John Badham
26467,Nicholas Meyer
26471,Bruce Gowers
26472,Akira Kamiya
26492,Joe Dante
26498,Leos Carax
26504,Contact info
26510,John Korty
26523,Charles E. Sellier Jr.
26524,Rob Epstein
26527,Not available
26528,Megan Follows
26539,Volker Schlöndorff
26542,Jim Wheat
26547,Jackie Chan
26554,Geoff Murphy
26555,John Landis
26562,Taylor Hackford
26564,Bertrand Tavernier
26567,Harold Ramis
26578,Not available
26585,John Woo
26587,Artur Barcis
26590,Don Jurwich
26593,Donald G. Jackson
26599,Pedro Almodóvar
26603,John Carpenter
26606,Siu-Tung Ching
26612,John Woo
26614,Richard Chamberlain
26622,Robert M. Young
26629,Stephen Chiodo
26630,Colin Chilvers
26631,Jan Svankmajer
26645,Étienne Chatiliez
26649,Robert Duvall
26662,Hayao Miyazaki
26676,John Cornell
26680,John Waters
26681,Attila Bertalan
26686,Sidney Poitier
26693,Richard Thomas
26694,Yimou Zhang
26695,Peter Medak
26696,Sheldon Lettich
26700,Jonathan Lynn
26701,Mamoru Oshii
26704,Phil Joanou
26712,Michael Apted
26713,Kar-Wai Wong
26717,"October 21, 2018 (United Kingdom)"
26726,Peter Faiman
26729,Fax Bahr
26732,Roberto Benigni
26736,Ngai Choi Lam
26741,"February 8, 2024 (United Kingdom)"
26743,Isao Takahata
26745,Norman Jewison
26750,Simon Wincer
26761,Helen Mirren
26764,Albert Pyun
26765,Jing Wong
26776,Not available
26777,Gianni Amelio
26778,Sidney J. Furie
26782,Arne Glimcher
26791,David Seltzer
26792,Aaron Norris
26796,Claude Sautet
26797,Arnold Glassman
26810,Rolf de Heer
26812,Glenn Jordan
26819,Stuart Gordon
26828,Michael Gottlieb
26838,Stephen Frears
26840,Takeshi Kitano
26849,Gary Sinise
26854,Bradford May
26861,Tom Stern
26865,Gordon Chan
26870,David S. Ward
26871,Steve Miner
26875,Giuseppe Tornatore
26887,Patricia Wettig
26900,Markku Pölönen
26901,Tab Murphy
26903,Yoshifumi Kondô
26913,Not available
26928,Éric Rohmer
26940,Betty Thomas
26947,Nicolas Winding Refn
26958,Douglas McGrath
26965,Jim Sheridan
26974,Harmony Korine
26985,Gabriele Salvatores
26999,Darrell Rooney
27002,Tom Hanks
27003,Graham Baker
27006,Benjamin Ross
27008,Scott Spiegel
27020,Michael Cristofer
27022,Skip Woods
27032,Benny Chan
27036,Sam Neill
27074,Julius Onah
27075,Dave Payne
27105,Uli Edel
27124,Nicolas Winding Refn
27134,Pitof
27140,Turi Meyer
27155,Chris McKay
27156,Hideaki Anno
27176,Tony Silver
27178,Fatih Akin
27186,Michel Ocelot
27193,Gérard Krawczyk
27246,Jane Anderson
27251,Kimberly Williams-Paisley
27255,Not available
27266,"May 9, 2022 (United Kingdom)"
27306,Jonathan Parker
27311,Curt Geda
27317,"July 5, 2020 (United Kingdom)"
27320,Ben Hopkins
27328,Sabu
27329,Joe Berlinger
27368,Alain Chabat
27369,Karen Disher
27370,Saul Metzstein
27373,Billy Crystal
27397,Not available
27408,Liliana Cavani
27416,Josef Fares
27420,Lynn Hershman Leeson
27426,Not available
27434,Jaume Balagueró
27441,Hiroyuki Kitakubo
27450,Jan Kounen
27473,Morgan J. Freeman
27478,Mark Mylod
27480,Takashi Miike
27482,Andrzej Sekula
27491,Kiyoshi Kurosawa
27513,Not available
27523,Jae-young Kwak
27537,Vincenzo Natali
27539,Nick Hurran
27549,Takashi Miike
27555,Michael Dowse
27563,Takashi Miike
27584,Jean-Baptiste Andrea
27592,Park Chan-wook
27595,Lee Demarbre
27604,"March 24, 2022 (United Kingdom)"
27611,Edward James Olmos
27618,Peter Hyams
27619,Bradley Raymond
27627,Lee Chang-dong
27644,Gabriele Muccino
27660,Peter Chung
27664,Vincent Gallo
27667,Takashi Shimizu
27674,Greg Marcks
27683,S.S. Wilson
27685,Damon Santostefano
27689,Not available
27692,Bruce Beresford
27695,Hugo Rodríguez
27704,Not available
27705,Ringo Lam
27706,Brad Silberling
27708,Emilia Fox
27716,Anders Thomas Jensen
27721,Jean-Pierre Jeunet
27722,Not available
27728,Mamoru Oshii
27731,Not available
27741,Yôji Yamada
27744,Ferzan Özpetek
27746,Brett Sullivan
27751,Rob Lowe
27762,Mark Hamill
27768,Patrice Leconte
27769,Debra Granik
27772,Takashi Shimizu
27773,Park Chan-wook
27776,Not available
27778,Grant Harvey
27784,Takashi Miike
27788,John Maybury
27790,Danny Boyle
27793,Phil Tippett
27801,Prachya Pinkaew
27802,Darren Mooney
27803,Alejandro Amenábar
27808,James L. Brooks
27815,John Moffitt
27816,Ryan Little
27820,Not available
27821,Sydney Pollack
27822,Chris Kentis
27826,Ian Iqbal Rashid
27829,John Landis
27830,Rowdy Herrington
27831,Matthew Vaughn
27834,Katerina Krusová
27837,John Moore
27838,Jacob Estes
27839,Hideo Nakata
27846,Mark Achbar
27850,Dan Ollman
27865,Ryûhei Kitamura
27866,Brad McGann
27869,Kang Je-kyu
27873,Joe Berlinger
27878,Zana Briski
27879,Ondi Timoner
27882,Stacy Peralta
27899,Matt Berry
27904,Richard Linklater
27905,Kazuaki Kiriya
27912,Robert Greenwald
30707,Clint Eastwood
30745,Takashi Miike
30749,Terry George
30793,Tim Burton
30803,Kim Ki-duk
30810,Wes Anderson
30812,Martin Scorsese
30816,Joel Schumacher
30818,Kevin Spacey
30820,Nicole Kassell
30822,Paul Weitz
30825,Jay Roach
30846,Niels Mueller
30848,Shainee Gabel
30850,Michael Radford
30883,Joel Zwick
30890,Gianni Amelio
30892,Jessica Yu
30894,Geoffrey Sax
30898,Mike Binder
30994,Walter Bernstein
31000,Alan Alda
31030,George Stevens
31038,Joyce Chopra
31049,Malcolm Mowbray
31083,Bob Rafelson
31086,Kinji Fukasaku
31101,Bronwen Hughes
31114,Dan Harris
31116,Howard Hawks
31123,Contact info
31150,Ralph Bakshi
31162,Stephen Hopkins
31184,Not available
31193,John Lounsbery
31221,Rob Bowman
31223,Frederik Du Chau
31225,Thomas Carter
31260,Norman Taurog
31297,Busby Berkeley
31309,Luchino Visconti
31364,Bong Joon Ho
31367,Adam Rifkin
31410,Not available
31420,Jean-François Richet
31422,Brian Levant
31424,Uwe Boll
31427,John Polson
31431,Stephen Kay
31433,Clare Kilner
31435,Not available
31437,Hirokazu Koreeda
31445,Mitch Rouse
31522,Rainer Werner Fassbinder
31545,Not available
31553,James Yukich
31590,Not available
31610,Ye Lou
31617,Anthony Mann
31658,Not available
31660,Not available
31664,Vincent Kok
31685,Andy Tennant
31692,Robert Shallcross
31694,Rob Reiner
31696,Francis Lawrence
31698,Lawrence Guterman
31700,Wayne Wang
31702,Not available
31737,Otto Preminger
31804,"February 12, 2024 (United Kingdom)"
31851,William A. Seiter
31867,Stephen Herek
31878,Stephen Chow
31903,Ondrej Trojan
31909,Manny Coto
31921,Herbert Ross
31923,Richard Lester
31925,Richard Lester
31952,Nimród Antal
31973,Not available
32009,Darren Grant
32011,Wes Craven
32017,Adam Shankman
32019,F. Gary Gray
32022,Petra Epperlein
32029,Florent-Emilio Siri
32031,Chris Wedge
32058,Michael Apted
32060,Paul Leni
32116,Paul Bogart
32139,Carol Reed
32160,Howard Hawks
32179,Not available
32213,Ernie Barbarash
32234,Fred Zinnemann
32243,Jannik Johansen
32289,Tim Fywell
32291,Woody Allen
32294,Joe Maggio
32296,John Pasquin
32298,Kevin Rodney Sullivan
32300,Angela Robinson
32302,Christopher Browne
32314,Zak Penn
32371,Henry Hathaway
32387,Kihachi Okamoto
32392,Álex de la Iglesia
32440,William Dear
32442,Jonathan Lynn
32456,Not available
32460,Thomas Jahn
32469,Michael Curtiz
32511,King Hu
32515,Alex Cox
32554,Kôji Morimoto
32582,Judy Irving
32584,Rebecca Miller
32587,Frank Miller
32589,Bille Woodruff
32596,Breck Eisner
32598,Bobby Farrelly
32600,Michelangelo Antonioni
32620,Alain Resnais
32632,James William Guercio
32649,Ettore Scola
32657,Not available
32659,Étienne Chatiliez
32666,Gary Preisler
32728,Nicolas Gessner
32743,Norio Tsuruta
32770,Susanne Bier
32799,Leontine Sagan
32862,Howard Morris
32875,Jacques Tati
32892,Not available
32898,"August 4, 2020 (United Kingdom)"
32906,"December 28, 2021 (United Kingdom)"
32914,David Carson
32917,Vittorio De Sica
33004,Garth Jennings
33085,Andrew Douglas
33090,Bill Plympton
33124,Dennis Gansel
33126,Robert Aldrich
33132,Damon Dash
33138,Todd Solondz
33145,Nigel Cole
33148,Jeffrey W. Byrd
33154,Alex Gibney
33158,Lee Tamahori
33162,Ridley Scott
33164,Jaume Collet-Serra
33166,Paul Haggis
33171,Gregg Araki
33188,Mel Damski
33201,Not available
33237,W.S. Van Dyke
33294,Toyoo Ashida
33310,Éléonore Faucher
33312,Robert Florey
33421,Thomas Vinterberg
33435,Thom Andersen
33437,Louis Leterrier
33493,George Lucas
33495,Jesse Dylan
33499,Robert Luketic
33558,Charles Martin Smith
33564,Pietro Germi
33615,Eric Darnell
33629,Rob Bowman
33639,Marilyn Agrelo
33644,Paul Schrader
33646,Peter Segal
33649,Alice Wu
33660,Ron Howard
33669,Ken Kwapis
33672,Catherine Hardwicke
33677,Christian O'Connell
33679,Contact info
33681,Robert Rodriguez
33683,Alexandre Aja
33725,Michael Dowse
33779,Lawrence Jordan
33781,Mervyn LeRoy
33794,Christopher Nolan
33801,Not available
33815,Mark Rosman
33826,Michael McGowan
33830,Angela Robinson
33834,George A. Romero
33836,Nora Ephron
33838,David LaChapelle
33880,Miranda July
33893,Not available
33896,Not available
33903,Hans Weingartner
33966,Henry Winkler
34018,Edward Buzzell
34048,Steven Spielberg
34072,Luc Jacquet
34129,Steve Carr
34143,Walter Salles
34148,Not available
34150,Tim Story
34153,Henry Alex Rubin
34162,David Dobkin
34164,Don Roos
34271,Jeremiah Zagar
34292,Richard Stanley
34312,Alex De Rakoff
34319,Michael Bay
34321,Richard Linklater
34323,Rob Zombie
34326,Gus Van Sant
34330,Greg Harrison
34332,Mike Mitchell
34334,Rob Cohen
34336,Gary David Goldberg
34338,Penn Jillette
34359,Silvio Narizzano
34397,Sheldon Lettich
34405,Joss Whedon
34437,Jim Jarmusch
34450,Jackie Chan
34482,Anthony Asquith
34520,Jay Chandrasekhar
34523,Arie Posin
34528,Phil Morrison
34530,Mike Bigelow
34532,Iain Softley
34534,John Singleton
34536,John Dahl
34540,Marcos Siega
34542,Werner Herzog
34800,George Bowers
34811,Nicolas Winding Refn
35015,Carroll Ballard
35347,Joy Batchelor
35807,Daniel Mann
35836,Judd Apatow
35957,Wes Craven
36276,Michael Haneke
36289,Alain Chabat
36363,Georgiy Daneliya
36397,Gary Chapman
36401,Terry Gilliam
36477,Michael Showalter
36509,Bruce Hunt
36517,Fernando Meirelles
36519,Louis Leterrier
36525,Mark Waters
36527,John Madden
36529,Andrew Niccol
36533,Jeff Wadlow
36535,Liev Schreiber
36537,Mike Mills
36708,Pete Michels
36850,Jackie Chan
36931,Not available
37211,Edward Buzzell
37240,Eugene Jarecki
37380,Andrzej Bartkowiak
37382,Tony Scott
37384,Rob McKittrick
37386,Karyn Kusama
37444,Alain Jessua
37475,Lasse Hallström
37477,Gore Verbinski
37495,Gen Sekiguchi
37545,Werner Herzog
37720,Scott Derrickson
37727,Robert Schwentke
37729,Tim Burton
37731,Lexi Alexander
37733,David Cronenberg
37736,Roman Polanski
37739,Bill Paxton
37741,Bennett Miller
37830,Tetsuya Nomura
37844,Malcolm D. Lee
37853,John Stockwell
37857,Dave McKean
38038,Contact info
38061,Shane Black
38095,Kim Jee-woon
38159,Krzysztof Kieslowski
38164,Anatole Litvak
38198,Hubert Sauper
38294,Robert Zemeckis
38304,Martin Scorsese
38388,Danny Cannon
38583,Mike Marvin
38798,Curtis Hanson
38886,Noah Baumbach
38992,D.J. Caruso
39183,Ang Lee
39231,Cameron Crowe
39234,Niki Caro
39292,George Clooney
39307,John Gatins
39381,John Hillcoat
39400,Rupert Wainwright
39414,Anand Tucker
39427,Marc Forster
39435,Martin Campbell
39444,Gore Verbinski
39446,Darren Lynn Bousman
39449,Ben Younger
39516,Sergio Castellitto
39715,Steve Rash
39801,Takashi Miike
39869,Lars von Trier
40148,Guy Ritchie
40278,Sam Mendes
40339,Mark Dindal
40412,Shane Meadows
40414,"December 20, 2021 (Norway)"
40478,William F. Claxton
40491,Aki Kaurismäki
40578,Not available
40581,Roger Kumble
40583,Stephen Gaghan
40597,Hannu Tuomainen
40614,Mikael Håfström
40617,Christopher Smith
40629,Joe Wright
40697,J. Michael Straczynski
40723,Greg McLean
40732,Neil Marshall
40815,Mike Newell
40819,James Mangold
40826,Chris Columbus
40851,Jon Favreau
40870,Jean-Marc Vallée
40946,Liam Lynch
40955,Neil Jordan
40959,Harold Ramis
40962,Raja Gosnell
40966,Laurence Dunmore
41014,Not available
41566,Andrew Adamson
41569,Peter Jackson
41571,Rob Marshall
41573,Thomas Bezucha
41617,Barbara Kopple
41627,Masaki Kobayashi
41712,Shane Meadows
41716,Richard Shepard
41724,Robert Greenwald
41769,Petter Næss
41828,Gérard Oury
41863,Tommy Lee Jones
41997,Steven Spielberg
42002,Susan Stroman
42004,Duncan Tucker
42007,Rob Reiner
42009,Adam Shankman
42011,Dean Parisot
42013,Barry W. Blaustein
42015,Lasse Hallström
42018,Stephen Frears
42176,Val Guest
42191,John Lasseter
42285,Brian Yuzna
42418,Terrence Malick
42422,Not available
42556,George Pal
42559,Kihachi Okamoto
42602,Heidi Ewing
42632,Park Chan-wook
42638,David Caffrey
42718,"May 2, 2020 (United Kingdom)"
42723,Eli Roth
42725,Nicholaus Goossen
42728,Contact info
42730,James Gartner
42732,Wayne Wang
42734,Cory Edwards
42738,Len Wiseman
42740,Albert Brooks
42761,Sean McNamara
42943,Hugh Hudson
42946,Jackie Chan
43289,Takashi Miike
43333,Deepa Mehta
43376,Marc Rothemund
43396,Roger Donaldson
43419,Joachim Rønning
43460,Michael Winterbottom
43549,John Gray
43556,Justin Lin
43558,John Whitesell
43560,Kirk Jones
43677,Robert Markowitz
43679,James Wong
43684,Sanaa Hamri
43708,Michel Gondry
43744,Ol Parker
43836,Shawn Levy
43869,Joe Fallon
43871,Richard Loncraine
43904,Simon West
43908,Hunter Richards
43912,Joe Roth
43914,Adam Rapp
43917,Frank Marshall
43919,Aaron Seltzer
43921,Wayne Kramer
43928,Kurt Wimmer
43930,Donald Petrie
43932,Jim Sonzero
43936,Richard Donner
44004,Tom Dey
44020,Curt Geda
44022,Ray Romano
44189,Robert Towne
44191,James McTeigue
44193,Andy Fickman
44195,Jason Reitman
44197,Sidney Lumet
44199,Spike Lee
44204,Gavin Hood
44225,Elizabeth Allen Rosenbaum
44238,Rodman Flender
44241,Brian Trenchard-Smith
44243,"August 17, 2022 (United Kingdom)"
44301,Aki Kaurismäki
44397,Alexandre Aja
44399,Brian Robbins
44511,Rupert Murray
44555,Florian Henckel von Donnersmarck
44597,Not available
44613,Liz Friedlander
44633,Jeff Feuerzeig
44657,Robert Bresson
44665,Paul McGuigan
44694,Pedro Almodóvar
44709,Doug Atchison
44719,Brainstorm
44731,William Brent Bell
44759,Michael Caton-Jones
44761,Rian Johnson
44773,Dave Parker
44777,Jake West
44788,Kirby Dick
44828,James Gunn
44840,Dennis Dugan
44849,Christian Volckman
44851,Dani Levy
44864,Nicole Holofcener
44889,Andy Fickman
44929,Neil Armfield
44931,Georg Wilhelm Pabst
44937,Emile Ardolino
44943,James Hanlon
44972,David Zucker
44974,David Slade
45028,Robert Altman
45062,Clark Johnson
45074,Steve 'Spaz' Williams
45081,Christophe Gans
45106,Paul Weitz
45175,Julian Jarrold
45183,Not available
45186,J.J. Abrams
45208,Barry Sonnenfeld
45210,Paul Greengrass
45221,Jessica Bendinger
45361,Courtney Solomon
45382,David Jacobson
45431,Tim Johnson
45440,Robert J. Lyons
45442,Wolfgang Petersen
45447,Ron Howard
45499,Brett Ratner
45501,Peyton Reed
45503,Victor Salva
45517,John Lasseter
45635,Mary Harron
45648,Michael Hoffman
45658,Gaby Dellal
45662,John Moore
45666,Jared Hess
45668,Alejandro Agresti
45672,Frank Coraci
45720,David Frankel
45722,Gore Verbinski
45726,Anthony Russo
45728,Kevin Smith
45730,M. Night Shyamalan
45732,Ivan Reitman
45880,Sofia Coppola
45928,Chris Paine
45950,Davis Guggenheim
45969,Bryan Gordon
46062,Kenny Ortega
46105,Caveh Zahedi
46231,Stephen Woolley
46322,Not available
46335,Justin Lin
46337,"August 25, 2006 (United States)"
46347,Sam Dunn
46367,Howard Franklin
46530,Bryan Singer
46559,Mat Whitecross
46572,Stuart Gordon
46574,Billy Kent
46578,Jonathan Dayton
46664,Carol Reed
46723,Alejandro G. Iñárritu
46772,Paul Dinello
46850,Patrick Creadon
46855,Jean-Pierre Melville
46862,Federico Fellini
46865,Keenen Ivory Wayans
46948,Gil Kenan
46965,David R. Ellis
46967,Woody Allen
46970,Adam McKay
46972,Shawn Levy
46974,Oliver Stone
46976,Marc Forster
47044,Michael Mann
47099,Gabriele Muccino
47122,Betty Thomas
47124,John A. Davis
47200,Mark Neveldine
47202,Isabel Coixet
47254,Tony Giglio
47261,Patrick Stettner
47382,Anne Fletcher
47384,Peter Hewitt
47404,Masaaki Yuasa
47423,Ryan Fleck
47446,Emmanuel Carrère
47465,Terry Gilliam
47491,Not available
47516,Martha Coolidge
47518,Steve Pink
47538,Enzo Barboni
47566,Robert Wise
47610,Neil Burger
47629,Stephen Frears
47640,Jay Chandrasekhar
47644,Ericson Core
47646,Bryan Barber
47721,Albert Lamorisse
47725,Luc Besson
47736,Alfred J. Goulding
47774,Maurizio Nichetti
47793,Jay Duplass
47810,Neil LaBute
47894,Ken Loach
47937,Christopher Smith
47950,Allen Coulter
47952,Renny Harlin
47970,Tony Goldwyn
47978,Laurie Collyer
47997,Mike Judge
47999,Heidi Ewing
48001,Robert Greenwald
48032,Roberto Benigni
48043,Darren Aronofsky
48045,Not available
48082,Michel Gondry
48142,Brian De Palma
48150,Lucky McKee
48161,Phil Joanou
48214,Wim Wenders
48262,Eric Steel
48304,Mel Gibson
48319,Tony Bill
48322,Jeff Tremaine
48326,Steven Zaillian
48342,Hans Canosa
48385,Larry Charles
48394,Guillermo del Toro
48412,Andrew Davis
48414,Roger Allers
48416,Todd Phillips
48516,Martin Scorsese
48518,Jonathan Liebesman
48520,Greg Coolidge
48560,Ryan Murphy
48593,Barry Levinson
48596,John Bonito
48598,Douglas McGrath
48638,Federico Fellini
48649,Sergey Vasilev
48678,John Gulager
48696,Todd Field
48698,Amy Berg
48738,Kevin Macdonald
48741,David Leaf
48744,John Cameron Mitchell
48774,Alfonso Cuarón
48780,Christopher Nolan
48783,Clint Eastwood
48872,Géla Babluani
48877,Darren Lynn Bousman
48879,Phillip Noyce
48883,Gabriel Range
48982,David Bowers
48997,Tom Tykwer
49013,Michael Lembeck
49110,Greg Beeman
49130,Ridley Scott
49132,Francis Veber
49220,Christopher Guest
49263,Steve Anderson
49265,Not available
49272,Martin Campbell
49274,George Miller
49276,Bob Odenkirk
49278,Tony Scott
49280,Emilio Estevez
49284,Brad Silberling
49286,Nancy Meyers
49314,David Ayer
49347,Richard Linklater
49389,Edwin S. Porter
49396,Liam Lynch
49524,Catherine Hardwicke
49530,Edward Zwick
49647,Gary Winick
49649,Stefen Fangmeier
49651,Sylvester Stallone
49666,Steven Shainberg
49688,Michael Anderson
49735,Todd Stephens
49772,John Curran
49793,McG
49822,Robert De Niro
49824,Bill Condon
49910,Richard LaGravenese
49917,Darleen Asevedo
49932,David Lynch
49957,Nicholas Hytner
49961,Richard Eyre
50003,Corey Yuen
50005,Yimou Zhang
50064,Steven Soderbergh
50068,Clint Eastwood
50147,Glen Morgan
50158,Sylvain White
50160,Chris Noonan
50189,Joe Nussbaum
50274,Roger Michell
50354,Julien Duvivier
50356,Julien Duvivier
50440,Tim Haines
50442,Nick Cassavetes
50445,Dave Meyers
50514,Susanne Bier
50601,Gabor Csupo
50610,Frank Sebastiano
50613,Conor McMahon
50658,Michael Apted
50685,Adrienne Shelly
50740,Paul Almond
50794,Joe Carnahan
50796,Not available
50798,Jason Friedberg
50800,Danny Pang
50802,Michael Lehmann
50804,Peter Webber
50806,Brian Robbins
50842,Lars von Trier
50851,Billy Corben
50872,Brad Bird
50912,Olivier Assayas
50923,Michael Polish
50942,Adam McKay
50954,Nick Hurran
50999,Michael Hegner
51024,Armand Assante
51037,Simon Brand
51077,Mark Steven Johnson
51080,Billy Ray
51082,Tyler Perry
51084,Marc Lawrence
51086,Joel Schumacher
51088,Robert Ben Garant
51091,Craig Brewer
51167,Not available
51174,George Hickenlooper
51255,Edgar Wright
51314,Not available
51357,Chris Gerolmo
51412,Lee Tamahori
51471,Michael Apted
51498,Tim Sullivan
51540,David Fincher
51545,Nicolas Winding Refn
51562,Matt Peters
51573,Maya Deren
51575,Walt Becker
51662,David Padrusch
51666,Nacho Cerdá
51694,Tom Vaughan
51698,Robert Shaye
51705,Pierre Salvadori
51709,"June 1, 2023 (United Kingdom)"
51834,Julian Jarrold
51884,Mira Nair
51903,Chris Rock
51925,Mennan Yapo
51927,James Wan
51931,Mike Binder
51933,Sunu Gonera
51935,Antoine Fuqua
51937,Martin Weisz
51939,Steve Barron
52042,Not available
52241,Scott Frank
52245,Josh Gordon
52279,Steve Carr
52281,Robert Rodriguez
52283,Stephen Hopkins
52287,Stephen J. Anderson
52299,Paul Rachman
52319,Enzo G. Castellari
52328,Danny Boyle
52375,Huw Bowen
52435,Chuck Jones
52458,D.J. Caruso
52462,Matt Maiellaro
52579,Olivier Dahan
52604,Gregory Hoblit
52644,Nimród Antal
52668,Jonathan Kasdan
52694,Steve Bendelack
52712,David S. Goyer
52715,Harvey Glazer
52722,Sam Raimi
52724,Curtis Hanson
52730,Kirk R. Thatcher
52767,Michael Apted
52784,Rob Stewart
52831,William Lustig
52867,Koen Mortier
52885,Satoshi Kon
52950,"August 5, 2024 (United Kingdom)"
52952,Shane Meadows
52967,Sarah Polley
52973,Judd Apatow
52975,Adam Shankman
53000,Juan Carlos Fresnadillo
53022,Sammo Kam-Bo Hung
53024,Stanley Nelson
53121,Chris Miller
53123,John Carney
53125,Gore Verbinski
53127,Martijn Smits
53129,Bruce A. Evans
53138,Jonathan Frakes
53140,Peter Winther
53143,Hal Hartley
